Action,Avail,Player,AB,R,H,1B,2B,3B,HR,RBI,BB,K,SB,CS,AVG,OBP,SLG,Rank
,MAGA D...,Shohei Ohtani (Batter) DH • LAD,596,134,175,86,29,8,52,109,97,171,32,5,0.294,0.394,0.631,1
,Rieken...,Aaron Judge OF • NYY,512,121,163,82,29,1,51,115,120,157,10,3,0.318,0.45,0.678,2
,Young ...,Juan Soto OF • NYM,575,118,157,88,26,2,41,107,129,130,24,4,0.273,0.406,0.539,3
,Long B...,Bobby Witt SS • KC,630,106,191,113,43,8,27,96,50,118,38,11,0.303,0.357,0.525,4
,Young ...,Jose Ramirez 3B • CLE,605,103,170,99,36,3,32,94,64,76,40,7,0.281,0.35,0.509,5
,Gashou...,Francisco Lindor SS • NYM,628,112,167,98,36,1,32,90,62,131,30,5,0.266,0.342,0.479,6
,Guillo...,Kyle Schwarber DH • PHI,591,110,138,66,22,1,49,118,111,201,6,2,0.234,0.36,0.523,7
,Magnum...,Corbin Carroll OF • ARI,572,113,146,75,29,15,27,79,67,140,37,6,0.255,0.339,0.5,8
,Guillo...,Julio Rodriguez OF • SEA,627,96,170,112,28,2,28,88,43,158,30,6,0.271,0.327,0.456,9
,Runtim...,Elly De La Cruz SS • CIN,578,96,149,91,29,8,21,75,61,185,46,10,0.258,0.331,0.445,10
,Dawg,Cal Raleigh C • SEA,564,92,133,66,21,0,46,108,80,178,9,2,0.236,0.335,0.518,11
,Like a...,Trea Turner SS • PHI,574,94,168,115,30,4,19,68,39,113,30,5,0.293,0.343,0.458,12
,Young ...,Gunnar Henderson SS • BAL,590,98,161,98,32,6,25,78,66,148,23,4,0.273,0.35,0.475,13
,Big St...,Matt Olson 1B • ATL,614,98,164,91,37,2,34,105,88,172,1,0,0.267,0.362,0.5,15
,Rieken...,Freddie Freeman 1B • LAD,568,91,170,102,42,2,24,92,68,118,10,2,0.299,0.379,0.507,16
,Simba'...,Pete Alonso 1B • NYM,608,89,153,80,34,1,38,113,64,163,2,1,0.252,0.336,0.498,17
,Like a...,Nick Kurtz 1B • ATH,420,90,122,58,26,2,36,86,63,151,2,1,0.29,0.383,0.619,18
,MAGA D...,Vladimir Guerrero Jr. 1B • TOR,600,93,178,116,36,0,26,92,76,96,5,3,0.297,0.379,0.487,19
,Magnum...,Josh Naylor 1B • SEA,531,76,149,97,29,0,23,98,48,87,19,2,0.281,0.343,0.465,20
,Runtim...,Manny Machado 3B • SD,594,84,161,103,30,0,28,97,51,124,11,2,0.271,0.328,0.463,21
,Like a...,Fernando Tatis Jr. OF • SD,531,93,142,90,26,2,24,66,65,122,25,5,0.267,0.353,0.46,22
,Runtim...,George Springer OF • TOR,535,93,145,93,24,2,26,73,64,115,18,2,0.271,0.355,0.469,23
,Gashou...,Cody Bellinger OF • NYY,549,85,152,98,25,4,25,92,50,89,13,3,0.277,0.336,0.474,24
,Big St...,Brent Rooker OF • ATH,569,83,153,86,32,2,33,92,60,165,7,1,0.269,0.343,0.506,25
,Like a...,Mookie Betts SS • LAD,546,95,151,97,27,3,24,85,68,72,12,2,0.277,0.356,0.469,26
,Big St...,Rafael Devers 1B • SF,577,94,151,83,34,2,32,99,88,165,2,1,0.262,0.363,0.494,27
,MAGA D...,Ketel Marte 2B • ARI,505,90,144,86,26,2,30,81,66,95,6,2,0.285,0.372,0.523,29
,Guillo...,Eugenio Suarez 3B • SEA,585,86,139,72,28,1,38,108,52,194,3,1,0.238,0.311,0.484,30
,Trex,Kyle Tucker OF • CHC,448,82,123,72,24,3,24,74,76,79,22,2,0.275,0.38,0.502,31
,Long B...,"Jazz Chisholm 2B,3B • NYY",470,70,117,73,16,2,26,72,50,143,32,8,0.249,0.326,0.457,32
,Rieken...,Jackson Chourio OF • MIL,541,85,147,89,33,4,21,78,33,121,21,7,0.272,0.315,0.464,33
,MAGA D...,Christian Yelich DH • MIL,478,78,132,88,21,1,22,79,60,129,20,4,0.276,0.361,0.462,34
,Runtim...,C.J. Abrams SS • WAS,565,86,142,85,32,6,19,62,37,124,34,6,0.251,0.312,0.43,35
,Young ...,Jarren Duran OF • BOS,578,86,156,87,42,11,16,72,51,150,27,6,0.27,0.336,0.464,36
,Guillo...,Randy Arozarena OF • SEA,581,90,137,82,30,1,24,73,70,177,26,8,0.236,0.34,0.415,38
,Big St...,Willy Adames SS • SF,589,90,136,79,27,1,29,93,76,174,13,4,0.231,0.32,0.428,39
,Like a...,Nico Hoerner 2B • CHC,598,90,172,132,30,3,7,58,42,61,32,6,0.288,0.343,0.383,40
,Runtim...,Bryce Harper 1B • PHI,507,78,139,78,34,0,27,78,74,126,10,3,0.274,0.37,0.501,41
,Dawg,"Jose Altuve 2B,OF • HOU",554,83,156,107,26,1,22,68,50,104,14,6,0.282,0.345,0.451,42
,Runtim...,Brandon Nimmo OF • TEX,583,85,148,95,27,2,24,87,63,147,12,1,0.254,0.333,0.43,43
,Big St...,Ronald Acuna Jr. OF • ATL,355,78,107,70,15,2,20,47,60,84,24,4,0.301,0.407,0.524,44
,Simba'...,Brice Turang 2B • MIL,540,79,144,106,23,3,12,64,56,125,32,7,0.267,0.336,0.387,45
,Big St...,Teoscar Hernandez OF • LAD,557,72,143,83,30,2,28,93,36,166,8,2,0.257,0.307,0.469,46
,Dawg,Seiya Suzuki OF • CHC,542,75,143,83,30,4,26,88,66,156,8,4,0.264,0.343,0.478,47
,Trex,Byron Buxton OF • MIN,411,77,107,54,22,5,26,67,34,126,16,1,0.26,0.326,0.528,48
,W,Wander Franco SS • TB,442,65,124,78,23,6,17,58,42,69,30,10,0.281,0.344,0.475,49
,Gashou...,William Contreras C • MIL,570,91,155,102,33,1,19,81,78,127,7,3,0.272,0.36,0.433,50
,Dawg,Riley Greene OF • DET,529,77,140,83,27,3,27,85,49,170,4,1,0.265,0.329,0.48,51
,Like a...,Yandy Diaz 1B • TB,565,75,170,117,31,1,21,77,56,93,2,1,0.301,0.368,0.471,53
,Trex,Marcell Ozuna DH • ATL,531,76,140,85,25,0,30,85,81,150,0,0,0.264,0.361,0.48,54
,MAGA D...,Geraldo Perdomo SS • ARI,481,82,134,91,27,4,12,70,71,76,19,4,0.279,0.374,0.426,55
,Dawg,Dansby Swanson SS • CHC,568,83,138,89,25,3,21,74,53,158,18,3,0.243,0.309,0.408,56
,Runtim...,Ian Happ OF • CHC,571,87,139,82,33,1,23,82,87,156,10,3,0.243,0.345,0.426,57
,Rieken...,Maikel Garcia 3B • KC,563,78,150,102,32,5,11,64,51,96,27,6,0.266,0.325,0.4,58
,Rieken...,James Wood OF • WAS,484,70,125,71,29,2,23,74,68,174,15,7,0.258,0.352,0.469,59
,Rieken...,Zachary Neto SS • LAA,471,70,118,67,28,1,22,61,32,132,23,8,0.251,0.317,0.454,60
,Big St...,Christian Walker 1B • HOU,553,75,136,80,27,1,28,90,49,154,4,1,0.246,0.316,0.45,61
,Dawg,Jeremy Pena SS • HOU,542,74,153,106,30,2,15,62,34,106,19,5,0.282,0.337,0.428,62
,Long B...,Wyatt Langford OF • TEX,493,73,121,74,25,2,20,66,65,138,21,5,0.245,0.337,0.426,64
,Young ...,Bryson Stott 2B • PHI,518,68,134,96,23,2,13,62,51,93,28,4,0.259,0.325,0.386,66
,Runtim...,Taylor Ward OF • BAL,536,77,127,70,27,2,28,83,64,152,5,2,0.237,0.32,0.452,67
,Big St...,Adolis Garcia OF • TEX,538,71,124,71,28,0,25,84,40,156,12,4,0.231,0.288,0.422,69
,MAGA D...,Spencer Steer 1B • CIN,543,70,131,79,28,3,21,82,61,133,14,2,0.241,0.325,0.42,70
,W,Nick Castellanos OF • PHI,580,76,149,95,30,3,21,83,36,145,6,1,0.257,0.305,0.428,71
,Young ...,Marcus Semien 2B • NYM,564,86,137,91,24,2,20,73,59,100,11,2,0.243,0.316,0.399,72
,Magnum...,Andy Pages OF • LAD,514,71,136,87,26,1,22,71,29,125,9,5,0.265,0.31,0.448,73
,W,Corey Seager SS • TEX,428,68,122,72,24,0,26,66,55,90,2,0,0.285,0.369,0.523,75
,Gashou...,Pete Crow-Armstrong OF • CHC,410,60,99,55,22,4,18,62,21,108,26,5,0.241,0.284,0.446,77
,Dawg,Steven Kwan OF • CLE,584,84,161,121,26,3,11,52,57,60,18,5,0.276,0.342,0.387,78
,Dawg,Bryan Reynolds OF • PIT,595,73,154,97,34,3,20,80,56,161,7,2,0.259,0.329,0.427,79
,Trex,Jackson Merrill OF • SD,483,66,133,81,27,6,19,76,32,105,7,2,0.275,0.321,0.474,82
,Trex,"Salvador Perez C,1B • KC",583,56,146,88,30,0,28,97,31,128,0,0,0.25,0.3,0.446,84
,Rieken...,Ozzie Albies 2B • ATL,540,72,136,90,26,2,18,75,45,88,12,2,0.252,0.313,0.407,85
,Rieken...,Shea Langeliers C • ATH,475,64,117,62,25,1,29,73,37,124,5,2,0.246,0.302,0.486,86
,Gashou...,Alex Bregman 3B • BOS,515,76,137,85,29,1,22,73,57,78,2,1,0.266,0.346,0.454,87
,Trex,Vinnie Pasquantino 1B • KC,506,60,132,78,29,1,24,91,42,81,1,0,0.261,0.32,0.464,88
,Magnum...,Michael Harris OF • ATL,538,60,140,94,24,4,18,69,20,112,17,6,0.26,0.289,0.42,89
,MAGA D...,Matt Chapman 3B • SF,501,81,120,65,31,2,22,65,67,143,10,3,0.239,0.335,0.441,90
,Big St...,Gleyber Torres 2B • DET,561,82,146,104,24,0,18,70,75,111,6,3,0.26,0.348,0.399,91
,Magnum...,Brandon Lowe 2B • TB,444,68,111,66,18,1,26,72,39,132,4,1,0.25,0.314,0.471,95
,MAGA D...,Lourdes Gurriel OF • ARI,514,61,134,86,26,2,20,79,31,89,8,2,0.261,0.307,0.436,99
,Young ...,Agustin Ramirez C • MIA,537,72,124,69,33,1,21,67,36,113,16,3,0.231,0.287,0.413,100
,Trex,Luis Arraez 1B • SD,616,72,191,149,31,4,7,58,31,26,9,3,0.31,0.345,0.407,101
,Long B...,Luis Robert OF • CHW,418,58,98,60,19,0,19,53,34,133,27,7,0.234,0.297,0.416,102
,W,Luis Garcia 2B • WAS,483,63,128,86,25,2,15,64,27,80,15,5,0.265,0.302,0.418,106
,Young ...,Anthony Volpe SS • NYY,569,72,126,75,29,5,17,66,44,155,22,7,0.221,0.28,0.38,107
,Dawg,Chandler Simpson OF • TB,414,53,122,104,15,3,0,26,20,43,44,12,0.295,0.326,0.345,108
,Like a...,Brenton Doyle OF • COL,493,63,118,77,22,3,16,60,33,145,22,4,0.239,0.287,0.394,110
,Rieken...,Bo Bichette SS • TOR,498,62,146,98,33,1,14,71,31,88,4,2,0.293,0.337,0.448,112
,Trex,Paul Goldschmidt 1B • NYY,543,77,143,93,32,1,17,58,50,134,8,1,0.263,0.328,0.42,113
,Gashou...,Cedric Mullins OF • NYM,432,60,97,57,21,2,17,60,46,110,24,4,0.225,0.302,0.401,114
,W,Will Smith C • LAD,417,71,113,72,21,2,18,68,60,94,2,2,0.271,0.368,0.46,117
,Guillo...,Alec Bohm 3B • PHI,510,60,144,100,28,2,14,78,35,86,3,1,0.282,0.331,0.427,118
,Dawg,Michael Busch 1B • CHC,425,63,108,59,22,3,24,66,48,124,3,0,0.254,0.337,0.489,119
,Gashou...,Xander Bogaerts SS • SD,493,63,132,92,26,1,13,51,44,93,18,2,0.268,0.329,0.404,120
,W,Austin Riley 3B • ATL,463,69,122,75,24,2,21,63,36,134,2,1,0.264,0.322,0.46,121
,Simba'...,Drake Baldwin C • ATL,405,56,111,72,18,2,19,80,38,68,0,0,0.274,0.341,0.469,123
,Long B...,Spencer Torkelson 1B • DET,505,72,118,65,27,1,25,69,59,150,2,0,0.234,0.32,0.44,124
,Big St...,Yainer Diaz C • HOU,518,59,142,96,26,1,19,72,19,94,1,0,0.274,0.301,0.438,125
,Trex,Oneil Cruz OF • PIT,404,54,91,54,19,2,16,54,49,143,26,3,0.225,0.311,0.401,126
,Simba'...,TJ Friedl OF • CIN,476,66,123,89,17,3,14,56,58,91,14,3,0.258,0.353,0.395,128
,Young ...,"Otto Lopez 2B,SS • MIA",491,60,125,91,22,0,12,63,37,79,17,5,0.255,0.308,0.373,129
,Young ...,"Alec Burleson 1B,OF • STL",476,55,132,91,23,1,17,65,35,71,6,2,0.277,0.328,0.437,131
,Like a...,"Jose Caballero 2B,3B,SS,OF • NYY",336,49,77,52,18,1,6,36,37,102,43,11,0.229,0.318,0.342,132
,W,J.D. Martinez DH • NYM,433,52,108,59,25,1,23,83,43,144,0,0,0.249,0.32,0.471,134
,Trex,Junior Caminero 3B • TB,357,52,93,52,17,0,24,62,24,76,4,0,0.261,0.307,0.51,135
,Long B...,Lawrence Butler OF • ATH,433,62,104,61,23,2,18,51,41,129,16,4,0.24,0.305,0.427,136
,MAGA D...,Matt McLain 2B • CIN,469,71,110,75,19,1,15,50,48,152,17,3,0.234,0.312,0.375,138
,Guillo...,Jurickson Profar OF • ATL,420,67,109,70,22,1,16,56,57,78,8,2,0.26,0.359,0.431,139
,Long B...,Trevor Story SS • BOS,366,50,94,62,18,0,14,54,22,109,19,2,0.257,0.306,0.421,140
,Long B...,Yordan Alvarez DH • HOU,330,50,98,58,19,1,20,59,48,63,2,0,0.297,0.391,0.542,141
,Simba'...,"Ceddanne Rafaela 2B,OF • BOS",453,65,112,70,25,4,13,55,19,109,16,6,0.247,0.285,0.406,142
,MAGA D...,Nate Lowe 1B • BOS,540,68,133,90,24,2,17,79,71,150,1,0,0.246,0.335,0.393,143
,W,Willson Contreras 1B • STL,421,60,109,65,26,0,18,64,46,122,5,1,0.259,0.355,0.449,144
,Gashou...,Kerry Carpenter OF • DET,379,56,100,57,17,4,22,61,22,98,2,1,0.264,0.313,0.504,146
,Simba'...,"Ryan O'Hearn 1B,OF • SD",439,61,122,83,21,2,16,61,46,92,3,1,0.278,0.35,0.444,147
,Like a...,Caleb Durbin 3B • MIL,445,60,114,78,25,0,11,53,30,50,18,6,0.256,0.334,0.387,148
,Like a...,Jo Adell OF • LAA,396,49,90,50,14,1,25,69,28,118,7,4,0.227,0.289,0.457,149
,Long B...,Isaac Paredes 3B • HOU,450,60,111,68,20,1,22,70,59,90,0,1,0.247,0.349,0.442,150
,Simba'...,Ramon Laureano OF • SD,378,56,100,60,21,2,17,55,29,111,8,3,0.265,0.329,0.466,154
,Big St...,Mickey Moniak OF • COL,397,52,102,59,19,5,19,58,19,112,8,3,0.257,0.294,0.474,155
,W,Jake Burger 1B • TEX,437,56,107,62,20,1,24,65,22,121,1,1,0.245,0.291,0.46,156
,Like a...,Harrison Bader OF • PHI,408,56,105,70,20,1,14,50,29,108,15,6,0.257,0.316,0.414,157
,Gashou...,Brandon Marsh OF • PHI,396,58,107,68,23,3,13,52,46,130,11,2,0.27,0.344,0.442,159
,Like a...,Joshua Lowe OF • TB,397,53,96,59,23,2,12,47,32,116,23,3,0.242,0.3,0.401,160
,Gashou...,Sal Frelick OF • MIL,445,64,122,94,18,3,7,46,41,71,16,4,0.274,0.34,0.375,162
,Simba'...,Jorge Polanco 2B • SEA,421,52,105,62,22,0,21,62,42,100,5,2,0.249,0.319,0.451,163
,Dawg,Max Muncy 3B • LAD,324,57,75,39,14,1,21,69,62,95,2,0,0.232,0.359,0.475,164
,MAGA D...,Heliot Ramos OF • SF,464,60,120,82,20,1,17,56,38,124,5,2,0.259,0.324,0.416,167
,Simba'...,Nolan Arenado 3B • STL,486,59,124,86,21,1,16,66,35,72,3,1,0.255,0.307,0.401,168
,Trex,Ezequiel Tovar SS • COL,493,63,128,79,30,4,15,54,22,142,6,4,0.26,0.292,0.428,169
,W,Jesus Sanchez OF • HOU,444,57,109,68,23,3,15,54,41,118,12,2,0.245,0.312,0.412,170
,Magnum...,Brendan Donovan 2B • STL,472,61,134,94,28,1,11,54,42,68,4,3,0.284,0.351,0.417,172
,W,Jake Mangum OF • TB,405,37,120,98,18,1,3,40,19,64,27,6,0.296,0.33,0.368,173
,Simba'...,Trent Grisham OF • NYY,394,63,87,51,13,1,22,56,63,116,5,2,0.221,0.333,0.426,174
,W,Ryan McMahon 3B • NYY,536,67,122,74,26,1,21,60,69,190,4,3,0.228,0.318,0.397,175
,W,Josh Bell 1B • WAS,505,56,123,80,21,1,21,68,56,107,0,2,0.244,0.323,0.414,177
,MAGA D...,J.T. Realmuto C • PHI,463,58,119,79,24,2,14,53,33,123,8,3,0.257,0.316,0.408,180
,Long B...,Giancarlo Stanton OF • NYY,324,41,77,39,13,0,25,67,34,116,0,0,0.238,0.313,0.509,181
,W,Carlos Santana 1B • CHC,474,59,109,72,20,0,17,66,58,96,6,0,0.23,0.316,0.38,182
,W,"Willi Castro 2B,3B,OF • CHC",440,68,105,69,21,4,11,41,42,120,16,6,0.239,0.323,0.38,183
,Rieken...,J.P. Crawford SS • SEA,509,70,128,91,24,1,12,53,71,117,6,0,0.252,0.347,0.373,185
,W,"Xavier Edwards 2B,SS • MIA",376,52,110,90,14,4,2,30,35,62,24,5,0.293,0.353,0.367,188
,W,Andres Gimenez 2B • TOR,451,54,107,78,18,2,9,49,27,84,21,4,0.237,0.298,0.346,190
,Magnum...,Daulton Varsho OF • TOR,367,56,82,42,17,4,19,57,32,107,7,2,0.223,0.287,0.447,191
,W,Andrew Benintendi OF • CHW,466,58,113,74,21,1,17,60,43,88,4,1,0.242,0.307,0.401,193
,Guillo...,Hunter Goodman C • COL,347,45,90,49,18,3,20,60,20,100,1,1,0.259,0.304,0.501,195
,Gashou...,"Carlos Correa 3B,SS • HOU",467,60,127,86,26,1,14,55,46,101,0,0,0.272,0.339,0.422,199
,W,"Jonathan India 2B,3B,OF • KC",499,72,120,79,28,1,12,52,61,112,7,3,0.24,0.337,0.373,200
,Magnum...,Matt Shaw 3B • CHC,393,57,89,52,21,3,13,44,38,94,17,5,0.227,0.295,0.394,203
,W,Jake Cronenworth 2B • SD,474,63,114,74,24,3,13,64,62,108,4,2,0.24,0.341,0.386,204
,Long B...,Andrew Vaughn 1B • MIL,487,47,123,79,26,1,17,70,34,105,1,0,0.253,0.306,0.415,205
,MAGA D...,Anthony Santander OF • TOR,394,52,89,48,18,1,22,59,41,100,2,0,0.226,0.303,0.444,209
,Big St...,Wilyer Abreu OF • BOS,321,46,81,44,20,1,16,55,34,93,6,3,0.252,0.323,0.47,210
,Long B...,"Tyler Soderstrom 1B,OF • ATH",362,45,95,59,20,0,16,56,36,95,4,2,0.262,0.334,0.45,212
,W,Daylen Lile OF • WAS,321,51,96,61,15,11,9,41,21,56,8,6,0.299,0.347,0.498,213
,W,Mike Yastrzemski OF • KC,433,63,101,58,23,3,17,49,56,111,5,2,0.233,0.323,0.418,214
,W,Whit Merrifield 2B • ATL,395,53,99,74,16,2,7,36,35,72,21,6,0.251,0.315,0.354,215
,Magnum...,Austin Hays OF • CIN,364,53,97,61,21,3,12,51,25,99,5,1,0.267,0.317,0.44,218
,W,"Colt Keith 2B,3B • DET",452,61,116,81,19,3,13,51,44,105,3,1,0.257,0.323,0.398,219
,W,"Zach McKinstry 3B,SS,OF • DET",408,56,99,62,20,8,9,38,39,99,18,4,0.243,0.314,0.397,220
,Runtim...,"Ben Rice C,1B • NYY",349,54,84,43,20,2,19,49,39,80,2,2,0.241,0.325,0.473,223
,W,Trevor Larnach OF • MIN,395,54,98,64,18,1,15,54,44,102,3,2,0.248,0.325,0.413,226
,Runtim...,Mike Trout OF • LAA,322,52,76,45,10,1,20,45,57,118,3,0,0.236,0.357,0.46,228
,W,Colson Montgomery SS • CHW,255,43,61,30,9,1,21,55,25,83,0,0,0.239,0.311,0.529,229
,W,Masyn Winn SS • STL,446,63,113,78,24,2,9,45,31,89,8,4,0.253,0.306,0.377,230
,W,"Luis Rengifo 2B,3B • LAA",414,51,106,78,15,3,10,41,30,82,13,6,0.256,0.311,0.379,231
,W,Jorge Soler OF • LAA,388,56,91,50,21,0,20,51,48,118,0,0,0.234,0.324,0.443,233
,Magnum...,"Ernie Clement 2B,3B,SS • TOR",413,57,114,80,24,2,8,42,17,44,7,3,0.276,0.307,0.402,234
,Rieken...,Lane Thomas OF • CLE,330,45,77,47,16,2,12,42,27,98,16,6,0.233,0.298,0.403,237
,W,Brandon Belt DH • TOR,339,53,86,44,23,0,19,43,61,141,0,0,0.254,0.369,0.49,240
,Simba'...,Lars Nootbaar OF • STL,444,60,107,70,22,2,13,47,62,103,6,4,0.241,0.337,0.387,241
,W,Andrew McCutchen DH • PIT,451,56,108,73,20,0,15,52,66,119,4,2,0.239,0.34,0.384,242
,Rieken...,"Josh H. Smith 1B,3B,SS • TEX",443,61,110,76,22,2,10,39,46,97,10,2,0.248,0.333,0.375,243
,Rieken...,Jordan Westburg 3B • BAL,330,52,87,55,16,2,14,44,18,80,3,2,0.264,0.311,0.452,245
,W,Max Kepler OF • PHI,406,56,96,59,20,1,16,52,40,92,2,0,0.236,0.308,0.409,247
,W,Tommy Pham OF • PIT,413,48,102,69,20,2,11,51,45,100,9,3,0.247,0.321,0.385,248
,Trex,Jackson Holliday 2B • BAL,438,54,102,72,15,3,12,43,41,113,12,7,0.233,0.304,0.363,253
,W,Ryan Jeffers C • MIN,384,50,98,61,23,0,14,51,41,92,2,1,0.255,0.34,0.424,255
,W,"Jeff McNeil 2B,OF • NYM",444,53,110,72,23,3,12,51,43,61,5,0,0.248,0.325,0.394,256
,Trex,Nolan Schanuel 1B • LAA,422,54,110,82,18,0,10,44,54,70,6,1,0.261,0.352,0.374,257
,Runtim...,Mark Vientos 3B • NYM,380,43,92,55,18,1,18,56,27,112,1,0,0.242,0.296,0.437,258
,Guillo...,Adley Rutschman C • BAL,450,56,111,75,20,2,14,54,56,80,0,0,0.247,0.33,0.393,259
,W,Tyler Stephenson C • CIN,380,52,92,55,21,1,15,56,42,120,0,1,0.242,0.322,0.421,260
,Magnum...,Josh Jung 3B • TEX,390,47,100,67,18,1,14,49,22,109,3,1,0.256,0.299,0.415,261
,Long B...,"Addison Barger 3B,OF • TOR",366,46,85,44,24,1,16,57,28,98,3,1,0.232,0.289,0.434,262
,Young ...,Jordan Beck OF • COL,401,44,99,66,19,3,11,38,31,133,14,5,0.247,0.305,0.392,264
,Long B...,Ivan Herrera DH • STL,270,39,78,57,10,0,11,42,30,60,6,1,0.289,0.373,0.448,265
,Guillo...,Ha-seong Kim SS • ATL,314,44,76,55,11,1,9,35,40,67,17,4,0.242,0.329,0.369,267
,W,Christopher Morel OF • TB,377,48,81,47,15,2,17,48,38,129,7,4,0.215,0.292,0.401,274
,W,Cam Smith OF • HOU,441,55,104,71,21,3,9,51,43,137,8,1,0.236,0.312,0.358,275
,Long B...,Royce Lewis 3B • MIN,319,37,78,49,15,0,14,50,25,73,7,1,0.244,0.298,0.423,276
,W,Ryan Mountcastle 1B • BAL,392,46,103,69,22,1,11,50,23,105,3,0,0.263,0.304,0.408,278
,W,"Isiah Kiner-Falefa 3B,SS • TOR",420,46,110,85,18,2,5,40,19,76,14,4,0.262,0.302,0.35,280
,Magnum...,Jacob Wilson SS • ATH,338,43,103,77,17,1,8,40,20,28,3,1,0.305,0.352,0.432,281
,W,"Nolan Gorman 2B,3B • STL",366,48,77,44,15,0,18,53,44,143,4,1,0.21,0.295,0.399,284
,Magnum...,"Lenyn Sosa 1B,2B • CHW",397,39,102,72,15,0,15,51,14,95,2,1,0.257,0.286,0.408,287
,W,Wenceel Perez OF • DET,361,48,88,54,17,5,12,41,31,89,8,4,0.244,0.304,0.418,288
,W,Alejandro Kirk C • TOR,402,36,108,79,18,0,11,63,43,54,0,0,0.269,0.338,0.396,289
,W,Rhys Hoskins 1B • MIL,343,41,77,46,13,1,17,58,44,113,2,1,0.225,0.318,0.417,290
,W,Jake Meyers OF • HOU,372,50,94,68,17,2,7,37,31,86,12,4,0.253,0.319,0.366,291
,W,Starling Marte DH • NYM,310,40,82,61,12,1,8,35,22,72,13,2,0.265,0.325,0.387,294
,W,Gavin Sheets OF • SD,444,44,106,68,23,1,14,58,40,98,2,1,0.239,0.305,0.39,296
,W,Colton Cowser OF • BAL,325,44,70,39,15,1,15,42,32,120,10,1,0.215,0.297,0.406,297
,W,Gavin Lux OF • CIN,443,53,116,81,26,2,7,52,52,112,2,1,0.262,0.34,0.377,298
,W,Ty France 1B • TOR,483,55,120,84,26,0,10,53,31,99,1,0,0.248,0.32,0.364,300
,W,Harold Ramirez DH • WAS,303,40,87,68,12,1,6,45,12,62,6,2,0.287,0.32,0.393,305
,Like a...,Austin Wells C • NYY,321,40,72,38,18,1,15,55,30,88,3,1,0.224,0.292,0.427,307
,W,"Javier Baez 3B,SS,OF • DET",392,47,91,63,16,2,10,51,13,100,7,1,0.232,0.264,0.36,308
,W,Ke'Bryan Hayes 3B • CIN,472,49,114,87,17,3,7,44,30,99,11,3,0.241,0.291,0.335,310
,W,"Tommy Edman 2B,OF • LAD",310,44,73,47,13,2,11,40,20,56,9,1,0.235,0.289,0.397,311
,Like a...,Roman Anthony OF • BOS,257,48,75,48,18,1,8,32,40,84,4,1,0.292,0.396,0.463,312
,W,Jung Hoo Lee OF • SF,404,51,107,72,21,8,6,37,33,49,7,3,0.265,0.324,0.401,315
,Young ...,Kyle Manzardo 1B • CLE,348,34,82,46,16,1,19,49,33,100,1,0,0.236,0.308,0.451,316
,W,Wilmer Flores 1B • SF,355,38,87,60,13,0,14,55,31,66,0,0,0.245,0.311,0.4,317
,W,J.J. Bleday OF • ATH,376,53,84,44,24,1,15,43,46,97,2,2,0.223,0.309,0.412,318
,W,Michael Conforto OF • LAD,422,55,92,55,21,1,15,49,51,117,1,0,0.218,0.311,0.379,319
,Magnum...,Kyle Stowers OF • MIA,263,35,70,41,14,2,13,44,28,87,2,1,0.266,0.341,0.483,321
,W,Matt Wallner OF • MIN,277,40,62,27,15,2,18,39,36,102,3,2,0.224,0.335,0.487,323
,W,Jonah Heim C • TEX,427,45,96,67,16,0,13,58,32,90,2,0,0.225,0.28,0.354,324
,W,Masataka Yoshida DH • BOS,315,36,88,61,18,1,8,44,20,44,4,0,0.279,0.333,0.419,325
,W,"Chase Meidroth 2B,SS • CHW",450,54,114,94,15,0,5,23,45,72,14,4,0.253,0.329,0.32,326
,W,Will Benson OF • CIN,275,38,61,33,13,3,12,40,28,100,10,4,0.222,0.292,0.422,327
,Gashou...,"Romy Gonzalez 1B,2B • BOS",236,33,68,44,15,2,7,38,13,65,8,3,0.288,0.326,0.458,328
,Magnum...,Logan O'Hoppe C • LAA,392,41,89,60,10,1,18,44,25,126,2,2,0.227,0.28,0.395,330
,W,Joey Meneses 1B • NYM,413,40,106,78,21,0,7,61,28,90,1,0,0.257,0.308,0.358,331
,W,Jake Fraley OF • TB,268,37,69,46,14,1,8,32,28,60,12,4,0.258,0.333,0.407,332
,W,Joseph Ortiz SS • MIL,374,49,87,61,17,2,7,41,30,70,10,3,0.233,0.293,0.345,334
,W,Gabriel Moreno C • ARI,298,40,83,60,15,1,7,44,33,57,3,2,0.279,0.351,0.406,335
,Young ...,Jakob Marsee OF • MIA,209,28,61,35,18,3,5,33,22,48,14,6,0.292,0.363,0.478,336
,W,"Mauricio Dubon 2B,3B,SS,OF • ATL",398,50,103,72,23,1,7,40,21,52,4,1,0.259,0.297,0.374,338
,W,Heriberto Hernandez OF • MIA,256,40,68,45,12,1,10,45,31,77,1,1,0.266,0.347,0.438,339
,W,Mike Moustakas 3B • CHW,352,43,87,60,15,0,12,48,23,95,0,0,0.247,0.293,0.392,341
,W,Jacob Young OF • WAS,324,41,79,62,14,1,2,29,24,68,20,8,0.244,0.305,0.312,343
,W,Joc Pederson DH • TEX,314,44,71,43,13,1,14,42,45,82,3,1,0.226,0.338,0.408,345
,W,Leody Taveras OF • SEA,332,38,78,54,14,2,8,35,22,82,14,4,0.235,0.281,0.361,346
,W,Mike Tauchman OF • CHW,324,50,83,58,16,1,8,38,48,81,3,1,0.256,0.358,0.386,347
,Young ...,Tyler O'Neill OF • BAL,261,39,59,32,11,0,16,36,32,87,4,0,0.226,0.318,0.452,349
,W,"Dylan Moore 2B,OF • TEX",249,37,50,28,11,1,10,29,29,89,18,5,0.201,0.296,0.373,350
,W,"Luke Raley 1B,OF • SEA",284,40,66,39,14,1,12,37,23,98,7,2,0.232,0.323,0.415,351
,W,"Adam Frazier 2B,OF • KC",370,44,92,67,17,1,7,41,26,72,7,4,0.249,0.308,0.357,354
,W,Justin Turner 1B • CHC,334,42,85,59,17,0,9,45,36,69,2,1,0.255,0.335,0.386,355
,W,Rowdy Tellez 1B • TEX,322,34,74,46,13,0,15,51,25,85,1,0,0.23,0.286,0.41,356
,W,Jake McCarthy OF • ARI,291,36,72,52,9,6,5,30,20,56,16,3,0.247,0.307,0.371,357
,W,Tyler Freeman OF • COL,318,43,81,60,16,1,4,29,27,47,13,6,0.255,0.333,0.349,358
,Young ...,Jonathan Aranda 1B • TB,241,37,72,49,14,0,9,36,27,69,0,1,0.299,0.378,0.469,362
,W,Francisco Alvarez C • NYM,292,38,69,41,13,1,14,43,29,84,1,0,0.236,0.313,0.431,364
,Trex,Victor Scott II OF • STL,303,39,64,46,13,1,4,27,28,85,23,3,0.211,0.29,0.3,366
,Simba'...,"Miguel Vargas 1B,3B • CHW",365,54,78,44,21,2,11,41,43,79,4,1,0.214,0.303,0.373,368
,Guillo...,"Noelvi Marte 3B,OF • CIN",261,33,66,43,13,1,9,34,12,70,9,3,0.253,0.292,0.414,370
,W,Spencer Horwitz 1B • PIT,288,42,78,50,19,0,9,39,35,60,0,0,0.271,0.354,0.431,371
,W,"Brett Baty 2B,3B • NYM",313,39,76,53,10,1,12,37,27,88,4,0,0.243,0.305,0.396,374
,W,David Peralta OF • SD,299,40,79,54,17,0,8,39,21,61,3,0,0.264,0.315,0.401,376
,Rieken...,Isaac Collins OF • MIL,239,35,62,40,14,2,6,34,36,62,10,4,0.259,0.363,0.41,377
,Guillo...,Luke Keaschall 2B • MIN,182,25,55,37,14,0,4,28,19,29,14,3,0.302,0.382,0.445,379
,Magnum...,Kyle Teel C • CHW,253,38,69,50,11,0,8,35,37,77,3,1,0.273,0.375,0.411,384
,W,Kyle Isbel OF • KC,358,49,87,61,16,5,5,36,23,75,7,3,0.243,0.293,0.357,385
,W,"Brooks Lee 2B,3B,SS • MIN",369,35,86,62,12,1,11,50,24,68,3,1,0.233,0.281,0.36,388
,W,"Edmundo Sosa 2B,3B • PHI",252,34,67,42,13,2,10,35,10,63,3,1,0.266,0.305,0.452,392
,W,Nolan Jones OF • CLE,328,37,77,53,15,2,7,38,41,109,10,4,0.235,0.323,0.357,393
,W,Randal Grichuk OF • KC,299,42,76,42,21,2,11,36,20,64,0,1,0.254,0.306,0.448,394
,W,"Ramon Urias 2B,3B • HOU",330,37,82,55,16,1,10,42,26,81,2,0,0.248,0.306,0.394,397
,Trex,Jasson Dominguez OF • NYY,214,33,54,38,10,0,6,26,24,65,13,2,0.252,0.331,0.383,398
,W,Eloy Jimenez DH • TB,377,35,96,67,18,0,11,39,25,79,2,0,0.255,0.304,0.39,399
,W,"Miguel Andujar 3B,OF • CIN",268,29,81,59,14,1,7,35,14,40,2,1,0.302,0.338,0.44,400
,W,C.J. Cron 1B • BOS,258,38,64,40,12,0,12,37,17,65,0,0,0.248,0.295,0.434,402
,W,Kyle Higashioka C • TEX,274,30,64,37,13,1,13,44,17,73,2,0,0.234,0.279,0.431,405
,W,Carson Kelly C • CHC,296,36,72,49,10,1,12,39,33,64,1,0,0.243,0.323,0.405,406
,W,Amed Rosario 3B • NYY,292,33,80,57,16,2,5,33,12,57,7,2,0.274,0.308,0.394,408
,W,"Miguel Rojas 2B,3B,SS • LAD",314,40,82,58,18,0,6,30,24,43,6,1,0.261,0.316,0.376,411
,W,Sean Murphy C • ATL,289,36,61,34,12,0,15,44,35,92,0,0,0.211,0.311,0.408,414
,W,David Hamilton 2B • BOS,183,28,40,26,8,1,5,18,14,50,21,4,0.219,0.278,0.355,415
,W,Patrick Bailey C • SF,390,43,89,63,17,2,7,51,31,116,2,0,0.228,0.285,0.336,417
,Dawg,"Jared Triolo 1B,3B,SS • PIT",320,39,74,52,14,1,7,30,37,86,10,2,0.231,0.315,0.347,420
,W,Bo Naylor C • CLE,325,41,66,35,17,1,13,42,37,97,3,2,0.203,0.283,0.382,421
,W,Rob Refsnyder OF • BOS,213,30,58,37,13,0,8,33,27,60,4,1,0.272,0.359,0.446,422
,W,Dillon Dingler C • DET,303,34,81,56,15,2,8,40,16,80,0,0,0.267,0.316,0.409,423
,W,Adam Duvall OF • ATL,310,35,65,33,16,1,15,41,21,103,2,0,0.21,0.268,0.413,424
,W,Connor Norby 3B • MIA,261,38,64,41,14,1,8,29,17,80,6,2,0.245,0.297,0.399,426
,W,Victor Caratini C • HOU,286,31,75,55,10,0,10,37,22,57,1,0,0.262,0.328,0.402,427
,W,Michael Taylor OF • CHW,299,37,61,34,16,1,10,34,24,112,10,2,0.204,0.264,0.364,429
,W,Kevin Kiermaier OF • LAD,303,42,70,46,14,4,6,30,19,86,9,2,0.231,0.281,0.363,430
,W,Matt Vierling OF • DET,295,40,75,52,14,2,7,31,25,71,4,2,0.254,0.316,0.386,431
,W,Tyrone Taylor OF • NYM,297,38,69,42,19,3,5,31,15,73,11,2,0.232,0.283,0.367,432
,W,"Jake Bauers 1B,OF • MIL",230,33,49,28,10,1,10,33,33,84,8,1,0.213,0.316,0.396,433
,W,Alek Thomas OF • ARI,320,40,77,53,14,3,7,32,16,83,6,2,0.241,0.281,0.369,435
,W,"Liam Hicks C,1B • MIA",332,37,82,62,13,1,6,45,43,56,2,0,0.247,0.346,0.346,436
,W,Alex Verdugo OF • ATL,375,49,91,63,21,1,6,35,31,62,2,1,0.243,0.301,0.352,439
,W,"Enrique Hernandez 1B,3B,OF • LAD",318,40,70,46,13,0,11,42,24,76,1,0,0.22,0.273,0.365,440
,W,Jordan Walker OF • STL,315,35,72,50,13,1,8,37,25,99,7,2,0.229,0.29,0.352,441
,W,Brandon Drury 2B • CHW,389,41,84,54,16,1,13,42,26,103,1,1,0.216,0.273,0.362,445
,W,Paul DeJong 3B • WAS,304,33,68,42,13,0,13,36,17,106,3,1,0.224,0.271,0.395,446
,W,Taylor Walls SS • TB,267,36,55,38,11,2,4,30,31,74,16,4,0.206,0.285,0.307,447
,W,"Davis Schneider 2B,OF • TOR",236,36,51,29,11,0,11,33,36,82,4,0,0.216,0.325,0.403,448
,W,Johan Rojas OF • PHI,207,30,51,40,7,2,2,23,11,49,16,2,0.246,0.288,0.329,451
,W,Thairo Estrada 2B • COL,285,32,70,48,14,1,7,34,10,60,6,4,0.246,0.281,0.375,453
,W,Dominic Smith 1B • SF,290,34,75,51,17,0,7,36,25,62,2,0,0.259,0.324,0.39,455
,W,"Angel Martinez 2B,OF • CLE",335,41,76,50,17,1,8,32,20,81,6,2,0.227,0.276,0.355,456
,W,Anthony Rizzo 1B • NYY,351,41,83,60,13,0,10,37,30,78,0,1,0.236,0.313,0.359,460
,W,Zack Gelof 2B • ATH,249,32,54,32,12,1,9,25,20,96,11,2,0.217,0.278,0.382,462
,W,Mitch Garver C • SEA,296,35,61,38,10,0,13,40,40,96,2,0,0.206,0.307,0.372,464
,W,Elias Diaz C • SD,322,35,78,55,14,0,9,41,23,81,0,0,0.242,0.298,0.37,465
,W,Keibert Ruiz C • WAS,370,34,90,65,17,0,8,43,15,41,1,2,0.243,0.279,0.354,469
,W,Bryan De La Cruz OF • NYY,314,31,75,51,14,0,10,36,18,88,3,1,0.239,0.281,0.379,470
,W,Michael Toglia 1B • COL,301,33,60,32,13,1,14,34,32,120,5,0,0.199,0.277,0.389,473
,W,"Eric Wagaman 1B,OF • MIA",324,37,81,54,19,2,6,37,21,69,2,1,0.25,0.295,0.377,474
,Like a...,Dylan Crews OF • WAS,228,31,48,32,7,2,7,20,19,57,15,4,0.21,0.283,0.351,476
,W,Edward Olivares OF • PIT,246,32,61,39,12,2,8,28,18,48,5,2,0.248,0.306,0.411,478
,W,Danny Jansen C • MIL,281,37,60,35,12,0,13,36,38,74,0,0,0.213,0.316,0.395,479
,W,Blake Perkins OF • MIL,221,34,51,37,8,2,4,26,25,65,11,3,0.231,0.309,0.339,481
,W,"Jose Iglesias 2B,3B,SS • SD",292,33,78,62,13,0,3,32,20,50,5,1,0.267,0.327,0.343,485
,W,Jeimer Candelario 3B • NYY,269,31,59,31,16,1,11,36,23,74,3,2,0.219,0.288,0.409,486
,W,Patrick Wisdom 1B • CHC,202,27,38,15,7,2,14,32,18,80,5,1,0.188,0.263,0.451,487
,W,Myles Straw OF • TOR,227,36,57,43,11,1,2,22,18,44,11,2,0.251,0.306,0.335,488
,Runtim...,"Kody Clemens 1B,2B,OF • MIN",236,31,51,27,10,2,12,34,18,63,2,0,0.216,0.279,0.428,490
,W,"Daniel Schneemann 2B,3B,OF • CLE",309,36,64,39,15,1,9,34,33,99,7,3,0.207,0.286,0.349,491
,W,Michael Massey 2B • KC,316,32,77,54,13,1,9,34,14,58,2,1,0.244,0.277,0.377,493
,W,"Gabriel Arias 2B,SS • CLE",325,34,71,44,18,1,8,37,21,120,6,3,0.218,0.273,0.354,494
,W,Nathan Lukes OF • TOR,222,32,57,38,11,2,6,36,23,34,1,2,0.257,0.325,0.405,500
,W,Pedro Pages C • STL,301,31,70,49,10,1,10,38,17,89,1,0,0.233,0.276,0.372,501
,W,Pavin Smith 1B • ARI,201,31,50,29,13,0,8,31,33,64,2,1,0.249,0.352,0.433,502
,W,Nelson Velazquez DH • KC,188,33,40,20,7,1,12,30,17,57,1,0,0.213,0.286,0.452,504
,W,Joey Votto 1B • TOR,208,26,42,22,6,0,14,38,27,62,0,0,0.202,0.314,0.433,508
,W,Victor Robles OF • SEA,151,22,43,31,9,1,2,14,10,32,15,2,0.285,0.349,0.397,509
,W,Alex Call OF • LAD,240,35,61,43,12,1,5,27,32,49,4,2,0.254,0.351,0.375,510
,W,Edgar Quero C • CHW,365,31,98,76,17,0,5,36,32,71,0,1,0.269,0.333,0.356,511
,W,Nick Gonzales 2B • PIT,321,34,83,59,16,3,5,32,17,66,2,2,0.259,0.299,0.374,517
,W,Carlos Narvaez C • BOS,257,32,62,36,17,0,9,31,24,72,1,1,0.241,0.307,0.412,518
,W,"Brayan Rocchio 2B,SS • CLE",303,34,68,46,16,1,5,34,25,71,7,4,0.224,0.293,0.333,521
,W,Tyler Fitzgerald 2B • SF,209,26,51,32,11,1,7,18,16,69,10,3,0.244,0.303,0.407,523
,W,Freddy Fermin C • SD,305,33,80,61,13,0,6,30,19,62,1,1,0.262,0.308,0.364,524
,W,Connor Wong C • BOS,292,35,71,48,16,1,6,26,21,82,5,3,0.243,0.301,0.366,526
,W,Tyler Tolbert OF • KC,50,19,14,11,2,0,1,6,1,11,21,2,0.28,0.321,0.38,529
,Big St...,Dominic Canzone OF • SEA,206,26,54,35,10,0,9,25,17,52,2,0,0.262,0.322,0.442,531
,W,Jake Cave OF • COL,267,32,64,42,13,3,6,31,17,81,4,1,0.24,0.285,0.378,533
,W,Jose Siri OF • NYM,204,30,38,19,8,1,10,26,15,86,8,3,0.186,0.247,0.382,535
,W,Hye Seong Kim 2B • LAD,161,19,45,35,6,1,3,17,7,52,13,1,0.28,0.314,0.385,539
,W,Jorge Mateo OF • BAL,161,25,34,21,9,1,3,14,9,46,18,3,0.211,0.25,0.335,543
,W,Chas McCormick OF • HOU,203,28,48,33,8,1,6,25,18,60,7,3,0.236,0.308,0.374,545
,W,"Orlando Arcia 2B,3B,SS • COL",364,35,82,56,16,0,10,33,25,82,1,0,0.225,0.275,0.352,549
,W,Mitch Haniger OF • SEA,312,36,65,43,12,0,10,38,30,102,0,0,0.208,0.281,0.343,553
,W,Nick Senzel 3B • CHW,262,35,56,36,11,0,9,28,27,66,3,3,0.214,0.289,0.359,554
,W,Cavan Biggio 2B • KC,228,38,49,34,8,0,7,27,30,78,3,1,0.215,0.326,0.342,557
,W,Jack Suwinski OF • PIT,238,29,44,25,10,0,9,28,35,87,9,1,0.185,0.297,0.34,560
,W,Andy Ibanez 3B • DET,226,29,56,38,11,1,6,28,15,46,3,1,0.248,0.302,0.385,564
,W,Brooks Baldwin OF • CHW,230,23,54,33,12,1,8,27,15,65,5,0,0.235,0.283,0.4,578
,W,Jarred Kelenic OF • ATL,228,27,52,32,11,1,8,24,20,78,5,2,0.228,0.289,0.39,584
,W,Kyle Farmer 2B • COL,270,30,62,39,14,1,8,32,19,65,1,3,0.23,0.29,0.378,585
,W,David Fry DH • CLE,194,24,44,26,9,0,9,30,19,60,2,0,0.227,0.307,0.412,586
,W,Dane Myers OF • MIA,195,21,47,36,7,0,4,23,14,53,10,3,0.241,0.297,0.339,590
,W,Otto Kemp 3B • PHI,197,26,46,27,11,0,8,28,12,67,2,2,0.234,0.298,0.411,594
,W,"LaMonte Wade 1B,OF • LAA",290,36,65,45,12,1,7,28,47,75,2,0,0.224,0.338,0.345,596
,W,Jesse Winker DH • NYM,197,26,47,31,10,1,5,27,29,52,5,1,0.239,0.345,0.376,597
,W,Yasmani Grandal C • PIT,274,29,63,42,12,0,9,29,29,62,1,0,0.23,0.307,0.372,600
,W,Joey Gallo 1B • CHW,247,30,42,19,9,0,14,32,38,118,2,1,0.17,0.287,0.377,602
,W,Triston Casas 1B • BOS,199,24,47,29,8,0,10,28,28,62,0,0,0.236,0.336,0.427,604
,W,Jose Abreu 1B • HOU,284,31,60,42,10,0,8,40,19,69,0,0,0.211,0.268,0.331,605
,W,"Casey Schmitt 2B,3B • SF",239,26,56,35,12,0,9,31,17,62,0,0,0.234,0.294,0.398,606
,W,Evan Carter OF • TEX,153,25,36,22,7,2,5,19,16,38,8,1,0.235,0.324,0.405,607
,W,Yoan Moncada 3B • LAA,203,28,50,29,11,2,8,26,22,62,0,0,0.246,0.33,0.438,608
,W,Robbie Grossman OF • KC,266,35,60,40,14,0,6,29,43,74,2,0,0.226,0.331,0.346,609
,W,Gary Sanchez C • BAL,167,22,37,22,5,0,10,32,14,50,0,0,0.222,0.298,0.431,610
,W,Mark Canha OF • KC,261,28,63,46,12,0,5,28,29,57,4,1,0.241,0.333,0.345,611
,W,Donovan Solano 1B • TEX,247,23,67,50,11,1,5,29,19,60,1,0,0.271,0.333,0.385,613
,W,Evan Longoria 3B • ARI,211,25,47,27,9,0,11,28,23,73,0,0,0.223,0.295,0.422,614
,W,"Ezequiel Duran 1B,SS • TEX",264,27,65,46,15,0,4,22,13,70,7,2,0.246,0.291,0.348,615
,W,Travis d'Arnaud C • LAA,252,26,55,31,14,0,10,33,18,77,0,0,0.218,0.279,0.393,620
,W,"Max Schuemann 2B,3B,SS • ATH",263,33,55,42,8,1,4,21,31,66,10,1,0.209,0.302,0.293,626
,W,Austin Martin OF • MIN,185,29,50,36,12,1,1,10,21,37,10,4,0.27,0.348,0.362,627
,W,Eduardo Escobar 3B • TOR,288,32,65,48,6,5,6,31,18,78,2,1,0.226,0.27,0.344,629
,W,Raimel Tapia OF • TB,148,28,35,27,4,1,3,13,17,40,10,2,0.236,0.317,0.338,631
,W,Ben Williamson 3B • SEA,277,36,70,56,13,0,1,21,15,64,5,1,0.253,0.293,0.31,632
,W,Esteury Ruiz OF • LAD,117,13,28,21,5,0,2,13,6,30,17,4,0.239,0.297,0.333,633
,W,Blaze Alexander 3B • ARI,206,26,48,31,10,1,6,25,19,72,4,4,0.233,0.318,0.379,634
,W,"Tim Tawa 1B,2B,OF • ARI",199,29,40,25,8,0,7,18,20,64,8,2,0.201,0.274,0.347,637
,W,Dairon Blanco OF • KC,64,16,16,10,3,1,2,8,4,17,16,4,0.25,0.304,0.422,639
,W,Christian Bethancourt C • TOR,209,30,46,28,11,0,7,26,8,58,2,0,0.22,0.251,0.373,642
,W,Brendan Rodgers 2B • HOU,243,30,60,42,12,0,6,26,17,71,0,0,0.247,0.3,0.37,646
,W,Eli White OF • ATL,142,24,34,23,4,2,5,19,6,40,6,1,0.239,0.28,0.401,647
,W,"Christian Koss 2B,SS • SF",174,25,46,34,9,0,3,23,9,45,4,1,0.264,0.308,0.368,650
,W,Brady House 3B • WAS,261,26,61,46,11,0,4,29,8,78,5,3,0.234,0.252,0.322,653
,W,Alex Kirilloff OF • MIN,208,26,50,31,10,2,7,28,20,60,0,0,0.24,0.312,0.409,655
,W,Elehuris Montero 1B • COL,248,30,55,35,12,1,7,32,18,78,0,0,0.222,0.277,0.363,656
,W,James Outman OF • MIN,204,30,39,22,7,1,9,23,24,84,4,1,0.191,0.291,0.368,658
,W,Abraham Toro 1B • BOS,234,28,57,39,12,0,6,23,13,41,2,1,0.244,0.295,0.372,661
,W,Joey Bart C • PIT,236,24,59,43,10,0,6,30,27,73,0,0,0.25,0.342,0.369,663
,W,Jason Heyward OF • SD,178,26,40,23,9,1,7,25,16,39,2,1,0.225,0.291,0.405,666
,W,Santiago Espinal 3B • CIN,304,28,74,59,12,0,3,26,21,42,5,1,0.243,0.295,0.312,667
,W,Hunter Renfroe OF • KC,265,28,59,36,15,0,8,30,24,61,0,0,0.223,0.289,0.37,675
,W,"Javier Sanoja 2B,3B,OF • MIA",209,26,50,30,14,2,4,24,12,27,4,3,0.239,0.281,0.383,676
,W,Chris Taylor OF • LAA,188,26,39,25,9,0,5,24,19,69,6,2,0.207,0.292,0.335,678
,W,Jake Rogers C • DET,221,29,44,24,10,1,9,30,20,73,0,0,0.199,0.269,0.376,679
,W,Parker Meadows OF • DET,202,26,46,31,7,3,5,19,21,58,6,1,0.228,0.302,0.366,681
,W,Oswaldo Cabrera 3B • NYY,203,30,48,36,8,0,4,22,17,46,3,1,0.236,0.299,0.335,682
,W,"Josh Rojas 2B,3B • CHW",284,31,61,42,14,1,4,23,29,73,7,2,0.215,0.288,0.313,689
,W,Garrett Cooper 1B • ATL,233,20,56,38,10,1,7,31,17,74,0,0,0.24,0.296,0.382,690
,W,MJ Melendez OF • KC,260,29,53,28,14,2,9,25,24,79,2,2,0.204,0.275,0.377,697
,W,"Edouard Julien 1B,2B • MIN",238,29,54,36,11,0,7,20,34,87,2,2,0.227,0.327,0.361,700
,W,Trey Mancini 1B • ARI,235,31,55,39,12,0,4,28,21,78,0,0,0.234,0.299,0.336,704
,W,Eddie Rosario DH • MIL,189,23,40,24,8,1,7,25,12,48,3,1,0.212,0.256,0.376,706