Rank	Player ID	Player	Team	Position(s)	ADP	Min Pick	Max Pick	Difference	# Picks	Team	Team Pick
1	9810	Ohtani, Shohei	LAD	UT, P	1.25	1	3		172		
2	8956	Judge, Aaron	NYY	OF	1.91	1	4		172		
3	10932	Witt Jr., Bobby	KC	SS	3.26	1	6		172		
4	10030	Soto, Juan	NYM	OF	4.10	1	6		172		
5	8594	Ramirez, Jose	CLE	3B	5.08	3	8		172		
6	10711	Skubal, Tarik	DET	P	6.94	2	13		172		
7	11025	Carroll, Corbin	ARZ	OF	7.85	5	14		172		
8	11583	De La Cruz, Elly	CIN	SS	8.91	3	14		172		
9	9775	Acuna Jr., Ronald	ATL	OF	9.13	3	17		172		
10	10260	Rodriguez, Julio	SEA	OF	9.94	4	14		172		
11	11885	Skenes, Paul	PIT	P	10.41	5	24		172		
12	10900	Crochet, Garrett	BOS	P	11.17	5	19		172		
13	11875	Caminero, Junior	TB	3B	14.35	8	24		172		
14	9948	Tatis Jr., Fernando	SD	OF	15.13	8	23		172		
15	11108	Henderson, Gunnar	BAL	SS	16.13	8	25		172		
16	8226	Lindor, Francisco	NYM	SS	16.32	9	24		172		
17	10866	Raleigh, Cal	SEA	C	17.48	6	27		172		
18	12222	Kurtz, Nick	ATH	1B	17.70	8	27		172		
19	9787	Tucker, Kyle	CHC	OF	18.40	9	28		172		
20	11738	Chourio, Jackson	MLW	OF	19.85	11	28		172		
21	9785	Guerrero Jr., Vladimir	TOR	1B	20.08	11	31		172		
22	10231	Chisholm Jr., Jazz	NYY	2B, 3B	21.66	13	29		172		
23	11883	Yamamoto, Yoshinobu	LAD	P	23.63	13	47		172		
24	8940	Schwarber, Kyle	PHI	UT	24.42	13	36		172		
25	9132	Turner, Trea	PHI	SS	27.24	16	41		172		
26	10312	Alonso, Pete	BAL	1B	28.16	17	43		172		
27	11864	Crow-Armstrong, Pete	CHC	OF	29.80	14	51		172		
28	11750	Wood, James	WAS	OF	29.99	16	45		172		
29	10770	Sanchez, Cristopher	PHI	P	32.59	22	58		172		
30	11435	Brown, Hunter	HOU	P	33.32	21	54		172		
31	11741	Neto, Zach	LAA	SS	33.34	17	48		172		
32	7887	Sale, Chris	ATL	P	34.02	23	68		172		
33	10712	Gilbert, Logan	SEA	P	34.95	23	67		172		
34	9112	Marte, Ketel	ARZ	2B	35.13	20	56		172		
35	10134	Munoz, Andres	SEA	P	36.66	19	110		172		
36	7891	Machado, Manny	SD	3B	36.97	25	53		172		
37	9376	Diaz, Edwin	LAD	P	38.55	20	94		172		
38	10367	Alvarez, Yordan	HOU	UT	39.81	21	83		172		
39	11787	Miller, Mason	SD	P	41.41	22	107		172		
40	10239	Duran, Jhoan	PHI	P	41.73	19	118		172		
41	8784	deGrom, Jacob	TEX	P	43.64	23	93		172		
42	11800	Woo, Bryan	SEA	P	45.11	29	82		172		
43	8638	Betts, Mookie	LAD	SS	47.49	18	78		172		
44	11982	Smith, Cade	CLE	P	47.83	29	106		172		
45	10216	Greene, Hunter	CIN	P	47.84	21	103		172		
46	7885	Harper, Bryce	PHI	1B	49.54	30	71		172		
47	11045	Abrams, CJ	WAS	SS	49.60	31	76		172		
48	9708	Devers, Rafael	SF	1B	49.92	27	82		172		
49	8690	Olson, Matt	ATL	1B	50.10	28	73		172		
50	11881	Langford, Wyatt	TEX	OF	51.77	30	77		172		
51	11948	Anthony, Roman	BOS	OF	54.13	25	80		172		
52	10364	Contreras, William	MLW	C	54.87	25	74		172		
53	10166	Ragans, Cole	KC	P	55.63	35	108		172		
54	10480	Webb, Logan	SF	P	55.68	33	99		172		
55	10149	Rooker, Brent	ATH	OF	57.07	35	82		172		
56	7709	Chapman, Aroldis	BOS	P	57.23	35	147		172		
57	10845	Langeliers, Shea	ATH	C	57.30	34	80		172		
58	8704	Fried, Max	NYY	P	57.31	33	85		172		
59	10681	Bednar, David	NYY	P	58.60	36	163		172		
60	10151	Turang, Brice	MLW	2B	61.95	32	102		172		
61	9915	Peralta, Freddy	MLW	P	62.34	39	113		172		
62	9328	Snell, Blake	LAD	P	62.38	38	144		172		
63	9492	Hader, Josh	HOU	P	62.73	41	148		172		
64	10786	Ryan, Joe	MIN	P	64.84	37	114		172		
65	7793	Freeman, Freddie	LAD	1B	65.02	36	87		172		
66	11911	Rice, Ben	NYY	C, 1B	65.44	38	95		172		
67	10874	Kirby, George	SEA	P	67.77	45	119		172		
68	10255	Naylor, Josh	SEA	1B	69.08	21	97		172		
69	11891	Merrill, Jackson	SD	OF	69.97	22	100		172		
70	10822	Greene, Riley	DET	OF	70.98	31	98		172		
71	10824	Duran, Jarren	BOS	OF	71.13	24	98		172		
72	11848	Goodman, Hunter	COL	C	71.92	42	95		172		
73	9821	Riley, Austin	ATL	3B	73.81	43	98		172		
74	8674	Buxton, Byron	MIN	OF	75.80	44	104		172		
75	11985	Ramirez, Agustin	MIA	C	77.19	54	115		172		
76	10191	Cease, Dylan	TOR	P	79.78	44	128		172		
77	10397	Perdomo, Geraldo	ARZ	SS	80.06	30	118		172		
78	12096	Schwellenbach, Spencer	ATL	P	81.37	60	120		172		
79	8981	Iglesias, Raisel	ATL	P	81.55	46	236		172		
80	9649	Bellinger, Cody	NYY	OF	81.64	44	120		172		
81	10235	Luzardo, Jesus	PHI	P	85.31	51	127		172		
82	9294	Estevez, Carlos	KC	P	85.40	47	215		172		
83	10305	Cruz, Oneil	PIT	OF	87.47	25	120		172		
84	11415	Pasquantino, Vinnie	KC	1B	88.30	63	116		172		
85	11407	Suarez, Robert	ATL	P	88.65	37	377		172		
86	11099	Bradish, Kyle	BAL	P	89.40	61	134		172		
87	11387	Garcia, Maikel	KC	3B	90.13	49	132		172		
88	10665	Williams, Devin	NYM	P	90.59	33	233		172		
89	11591	Perez, Eury	MIA	P	91.90	63	149		172		
90	10671	Arozarena, Randy	SEA	OF	92.39	51	123		172		
91	12203	Baldwin, Drake	ATL	C	92.42	54	139		172		
92	9570	Pivetta, Nick	SD	P	92.55	43	142		172		
93	10083	Valdez, Framber	HOU	P	92.98	62	121		172		
94	11300	Strider, Spencer	ATL	P	93.30	59	157		172		
95	11305	Suzuki, Seiya	CHC	OF	93.61	46	116		172		
96	11071	Soderstrom, Tyler	ATH	OF, 1B	95.30	47	124		172		
97	11065	Harris II, Michael	ATL	OF	95.77	66	119		172		
98	11309	Pena, Jeremy	HOU	SS	97.35	71	143		172		
99	8668	Seager, Corey	TEX	SS	97.83	32	131		172		
100	8658	Story, Trevor	BOS	SS	101.43	36	150		172		
101	8134	Perez, Salvador	KC	C, 1B	103.12	65	134		172		
102	10804	Megill, Trevor	MLW	P	103.87	49	288		172		
103	8433	Springer, George	TOR	OF	104.48	31	153		172		
104	10363	Smith, Will	LAD	C	104.52	66	153		172		
105	12443	McLean, Nolan	NYM	P	106.08	71	190		172		
106	8700	Glasnow, Tyler	LAD	P	107.49	65	248		172		
107	10302	Hoerner, Nico	CHC	2B	109.77	66	155		172		
108	9820	Bichette, Bo	TOR	SS	110.41	65	162		172		
109	11048	Busch, Michael	CHC	1B	110.59	66	148		172		
110	8805	Suarez, Eugenio	SEA	3B	112.51	58	158		172		
111	8116	Altuve, Jose	HOU	OF, 2B	112.95	58	145		172		
112	7903	Yelich, Christian	MLW	UT	114.88	44	182		172		
113	11559	Diaz, Yainer	HOU	C	115.27	78	149		172		
114	9678	Woodruff, Brandon	MLW	P	118.81	42	190		172		
115	9415	Bregman, Alex	BOS	3B	119.75	61	176		172		
116	8975	Hoffman, Jeff	TOR	P	119.92	55	292		172		
117	12193	Burns, Chase	CIN	P	121.57	75	235		172		
118	8427	Gausman, Kevin	TOR	P	122.15	89	161		172		
119	8971	Adames, Willy	SF	SS	122.34	84	192		172		
120	11894	Misiorowski, Jacob	MLW	P	125.81	75	201		172		
121	9428	Hernandez, Teoscar	LAD	OF	126.02	53	170		172		
122	11414	Stowers, Kyle	MIA	OF	128.20	72	179		172		
123	11682	Pages, Andy	LAD	OF	128.20	85	177		172		
124	12361	Schlittler, Cam	NYY	P	129.20	50	212		172		
125	10038	Bieber, Shane	TOR	P	130.83	91	204		172		
126	7931	Jansen, Kenley	DET	P	131.87	72	310		172		
127	10964	Lodolo, Nick	CIN	P	132.68	97	218		172		
128	8546	Gray, Sonny	BOS	P	133.24	91	207		172		
129	10634	Fairbanks, Pete	TB	P	133.34	77	302		172		
130	9958	Robert Jr., Luis	CWS	OF	134.50	72	171		172		
131	10419	Marte, Noelvi	CIN	OF, 3B	134.91	84	184		172		
132	11610	Westburg, Jordan	BAL	3B	135.35	91	175		172		
133	9876	Lopez, Pablo	MIN	P	135.79	85	217		172		
134	10321	Helsley, Ryan	BAL	P	136.48	40	312		172		
135	11811	Sheehan, Emmet	LAD	P	137.87	91	239		172		
136	11751	Holliday, Jackson	BAL	2B	139.68	101	189		172		
137	12228	Keaschall, Luke	MIN	2B	139.77	95	186		172		
138	10289	King, Michael	SD	P	140.22	77	231		172		
139	11649	Butler, Lawrence	ATH	OF	140.68	83	178		172		
140	10241	Adell, Jo	LAA	OF	141.28	74	201		172		
141	8775	Ray, Robbie	SF	P	141.56	78	208		172		
142	9639	Diaz, Yandy	TB	1B	143.46	82	195		172		
143	8955	Nimmo, Brandon	TEX	OF	143.92	88	192		172		
144	12212	Simpson, Chandler	TB	OF	144.24	83	246		172		
145	8235	Wheeler, Zack	PHI	P	146.44	34	344		172		
146	11590	Williams, Gavin	CLE	P	147.26	104	206		172		
147	9432	Swanson, Dansby	CHC	SS	147.50	107	187		172		
148	11939	Marsee, Jakob	MIA	OF	149.31	50	211		172		
149	11628	Rafaela, Ceddanne	BOS	2B, OF	149.60	86	237		172		
150	11059	Pepiot, Ryan	TB	P	150.08	108	220		172		
151	12463	Yesavage, Trey	TOR	P	151.05	103	231		172		
152	11821	Palencia, Daniel	CHC	P	154.02	74	271		172		
153	10807	Rasmussen, Drew	TB	P	155.08	108	244		172		
154	10704	Rutschman, Adley	BAL	C	156.16	97	217		172		
155	9506	Castillo, Luis	SEA	P	156.72	103	223		172		
156	9754	Alcantara, Sandy	MIA	P	159.13	97	219		172		
157	12127	Wilson, Jacob	ATH	SS	160.83	93	230		172		
158	12035	Chandler, Bubba	PIT	P	160.84	91	223		172		
159	9721	Albies, Ozzie	ATL	2B	161.07	85	198		172		
160	9917	Santana, Dennis	PIT	P	161.62	74	312		172		
161	11653	Doyle, Brenton	COL	OF	162.40	89	203		172		
162	11884	Imanaga, Shota	CHC	P	162.58	105	215		172		
163	10076	Ward, Taylor	BAL	OF	162.78	112	201		172		
164	10351	Rogers, Trevor	BAL	P	163.25	26	214		172		
165	10851	Kirk, Alejandro	TOR	C	163.31	126	229		172		
166	9652	Pagan, Emilio	CIN	P	164.98	68	344		172		
167	11922	Crews, Dylan	WAS	OF	165.00	126	216		172		
168	11315	Kwan, Steven	CLE	OF	165.03	111	205		172		
169	8130	Eovaldi, Nathan	TEX	P	165.37	112	237		172		
170	12039	Basallo, Samuel	BAL	C	165.58	116	234		172		
171	9683	Chapman, Matt	SF	3B	172.03	138	228		172		
172	8942	Rodon, Carlos	NYY	P	172.41	58	251		172		
173	10068	Lowe, Brandon	PIT	2B	174.05	83	238		172		
174	11394	Aranda, Jonathan	TB	1B	175.24	90	231		172		
175	10365	Edwards, Xavier	MIA	2B, SS	180.70	125	253		172		
176	8228	Profar, Jurickson	ATL	OF	180.75	87	240		172		
177	11595	Bibee, Tanner	CLE	P	181.10	104	240		172		
178	9655	Happ, Ian	CHC	OF	181.27	133	231		172		
179	9840	Suarez, Ranger	PHI	P	181.78	140	245		172		
180	11117	Moreno, Gabriel	ARZ	C	182.31	140	242		172		
181	11901	Teel, Kyle	CWS	C	184.02	106	229		172		
182	11886	Horton, Cade	CHC	P	185.77	109	248		172		
183	11596	Barger, Addison	TOR	3B, OF	185.96	129	288		172		
184	10831	Torkelson, Spencer	DET	1B	187.73	112	237		172		
185	11118	Alvarez, Francisco	NYM	C	187.73	145	233		172		
186	10218	Paredes, Isaac	HOU	3B	187.98	107	272		172		
187	11664	Uribe, Abner	MLW	P	188.31	76	355		172		
188	8924	Walker, Christian	HOU	1B	188.49	121	248		172		
189	10220	Herrera, Ivan	STL	UT	191.13	75	290		172		
190	11921	Shaw, Matt	CHC	3B	191.69	140	302		172		
191	12471	Imai, Tatsuya	FA	P	191.80	77	389		172		
192	11581	Frelick, Sal	MLW	OF	192.90	134	240		172		
193	7689	Trout, Mike	LAA	OF	195.20	99	240		172		
194	11940	Sasaki, Roki	LAD	P	197.08	71	349		171		
195	11186	Vest, Will	DET	P	197.43	101	428		170		
196	10721	Cabrera, Edward	MIA	P	197.98	137	278		172		
197	10319	Lewis, Royce	MIN	3B	198.38	110	260		172		
198	10153	Reynolds, Bryan	PIT	OF	199.05	153	244		172		
199	11086	Stott, Bryson	PHI	2B	199.27	142	254		172		
200	11749	Dominguez, Jasson	NYY	OF	200.05	121	272		172		
201	11421	Burleson, Alec	STL	1B, OF	202.98	137	289		172		
202	10180	Varsho, Daulton	TOR	OF	208.76	134	265		172		
203	9263	Contreras, Willson	STL	1B	209.69	123	280		172		
204	10331	Baz, Shane	TB	P	209.84	160	289		172		
205	12364	Lile, Daylen	WAS	OF	210.54	124	316		172		
206	12456	Jensen, Carter	KC	C	211.31	111	306		172		
207	11613	McLain, Matt	CIN	2B	211.56	126	264		172		
208	11530	Carpenter, Kerry	DET	OF	211.69	145	267		172		
209	10933	Bubic, Kris	KC	P	211.74	124	292		171		
210	11892	Montgomery, Colson	CWS	SS	211.74	144	298		172		
211	8961	Nola, Aaron	PHI	P	212.32	124	277		172		
212	12459	Early, Connelly	BOS	P	212.32	143	306		172		
213	11802	Abbott, Andrew	CIN	P	212.76	137	295		172		
214	10920	Dingler, Dillon	DET	C	212.86	127	300		172		
215	9973	Gore, MacKenzie	WAS	P	213.98	155	280		172		
216	8800	Realmuto, J.T.	PHI	C	215.88	158	272		172		
217	11346	Tovar, Ezequiel	COL	SS	216.51	166	301		172		
218	12084	Beck, Jordan	COL	OF	220.51	174	314		172		
219	10213	Ramos, Heliot	SF	OF	221.69	164	272		172		
220	12211	Caglianone, Jac	KC	OF	223.02	99	300		172		
221	12453	Stewart, Sal	CIN	1B	224.50	172	300		172		
222	9750	Flaherty, Jack	DET	P	225.07	166	288		172		
223	9944	Gallen, Zac	ARZ	P	226.19	121	281		172		
224	10422	Lopez, Otto	MIA	SS, 2B	226.33	142	305		172		
225	10279	Garcia Jr., Luis	WAS	2B	227.17	156	285		172		
226	9919	Laureano, Ramon	SD	OF	229.84	131	329		172		
227	11794	Walker, Ryan	SF	P	230.04	116	396		172		
228	8417	Bogaerts, Xander	SD	SS	230.23	171	307		172		
229	9599	Santander, Anthony	TOR	OF	230.98	99	289		172		
230	12351	Murakami, Munetaka	FA	3B	231.55	121	314		171		
231	9087	Boyd, Matthew	CHC	P	232.09	172	275		172		
232	11599	Wells, Austin	NYY	C	232.27	166	295		172		
233	11786	Caballero, Jose	NYY	OF, 2B, 3B, SS	235.04	141	332		172		
234	11556	Steer, Spencer	CIN	1B	237.03	166	283		172		
235	11075	O'Hoppe, Logan	LAA	C	240.25	157	307		172		
236	11636	Miller, Bryce	SEA	P	241.35	133	341		172		
237	9784	Moniak, Mickey	COL	OF	241.45	161	300		172		
238	11600	Manzardo, Kyle	CLE	1B	242.06	162	299		172		
239	8832	Polanco, Jorge	NYM	2B	242.14	168	319		172		
240	10506	Kelly, Merrill	ARZ	P	242.62	171	303		172		
241	12204	Durbin, Caleb	MLW	3B	245.00	184	309		172		
242	10358	Stephenson, Tyler	CIN	C	245.95	158	326		172		
243	9778	Torres, Gleyber	DET	2B	245.98	157	312		172		
244	11709	Abreu, Wilyer	BOS	OF	246.24	164	307		172		
245	10332	McClanahan, Shane	TB	P	251.64	156	318		171		
246	10658	Grisham, Trent	NYY	OF	252.04	163	354		172		
247	10282	Vientos, Mark	NYM	3B	254.48	118	333		172		
248	12201	Cameron, Noah	KC	P	254.58	167	346		172		
249	11218	Jax, Griffin	TB	P	255.96	154	415		172		
250	11887	Waldrep, Hurston	ATL	P	256.05	153	332		168		
251	11326	Nelson, Ryne	ARZ	P	256.15	162	315		172		
252	11609	Cowser, Colton	BAL	OF	256.19	213	333		172		
253	7789	Stanton, Giancarlo	NYY	OF	257.60	142	327		172		
254	11501	Sosa, Lenyn	CWS	1B, 2B	257.66	150	315		172		
255	8602	Semien, Marcus	NYM	2B	260.07	184	361		172		
256	11327	Leiter, Jack	TEX	P	262.24	184	309		170		
257	9772	Scott, Tanner	LAD	P	263.28	143	455		159		
258	8691	Muncy, Max	LAD	3B	263.94	160	337		171		
259	11123	Baty, Brett	NYM	2B, 3B	264.36	166	329		171		
260	10344	Friedl, TJ	CIN	OF	264.58	184	313		172		
261	9248	Musgrove, Joe	SD	P	264.99	202	351		172		
262	10125	Bohm, Alec	PHI	3B	265.42	164	340		172		
263	10254	Lowe, Josh	TB	OF	265.70	212	398		172		
264	9964	Garcia, Adolis	PHI	OF	266.42	154	328		172		
265	8231	Cole, Gerrit	NYY	P	268.77	126	345		166		
266	10792	Finnegan, Kyle	DET	P	268.84	106	521		166		
267	10946	Jeffers, Ryan	MIN	C	272.25	204	405		171		
268	10159	Mize, Casey	DET	P	272.85	178	380		171		
269	11371	Henriquez, Ronny	MIA	P	274.88	198	435		172		
270	10481	Arraez, Luis	SD	1B	274.90	85	344		170		
271	8656	Correa, Carlos	HOU	3B, SS	277.30	160	346		171		
272	12430	Melton, Troy	DET	P	279.83	195	444		170		
273	10381	Abreu, Bryan	HOU	P	280.85	174	393		169		
274	10899	Winn, Masyn	STL	SS	281.60	180	345		171		
275	11147	Kim, Ha-Seong	ATL	SS	283.02	180	414		169		
276	11060	Uceta, Edwin	TB	P	286.66	156	489		171		
277	11903	Lee, Jung Hoo	SF	OF	289.55	221	352		172		
278	12012	Narvaez, Carlos	BOS	C	290.75	210	377		172		
279	12469	Griffin, Konnor	PIT	SS	291.26	155	376		159		
280	11131	Priester, Quinn	MLW	P	294.96	195	338		168		
281	10224	Burger, Jake	TEX	1B	296.23	189	366		169		
282	12305	Smith, Shane	CWS	P	300.38	197	397		168		
283	10417	Vargas, Miguel	CWS	1B, 3B	300.80	240	392		171		
284	12226	Beavers, Dylan	BAL	OF	303.59	237	399		167		
285	12470	McGonigle, Kevin	DET	SS	304.23	168	474		159		
286	11844	Schanuel, Nolan	LAA	1B	316.48	206	445		169		
287	10569	Edman, Tommy	LAD	2B, OF	317.05	210	396		165		
288	11357	Donovan, Brendan	STL	2B	320.24	184	361		164		
289	9824	O'Hearn, Ryan	SD	1B, OF	321.30	247	412		167		
290	12191	Quero, Edgar	CWS	C	322.70	232	462		171		
291	10401	Cantillo, Joey	CLE	P	323.76	220	385		160		
292	9452	Kelly, Carson	CHC	C	324.61	240	393		167		
293	10925	Clement, Ernie	TOR	2B, 3B, SS	324.80	224	395		164		
294	11162	O'Brien, Riley	STL	P	327.32	219	500		165		
295	10788	Vaughn, Andrew	MLW	1B	327.65	214	381		163		
296	12302	Wetherholt, JJ	STL	SS	327.74	196	353		153		
297	12028	Leasure, Jordan	CWS	P	332.03	230	497		163		
298	10133	Gimenez, Andres	TOR	2B	333.62	243	396		161		
299	8221	Castellanos, Nick	PHI	OF	338.41	216	449		161		
300	8478	Ozuna, Marcell	ATL	UT	340.42	162	393		157		
301	11662	Ferrer, Jose A.	SEA	P	344.50	158	711		143		
302	10143	Naylor, Bo	CLE	C	344.75	261	469		168		
303	11825	Keith, Colt	DET	2B, 3B	344.84	226	349		158		
304	11594	Olson, Reese	DET	P	354.41	206	344		149		
305	12238	Henderson, Logan	MLW	P	361.26	151	489		150		
306	12490	Okamoto, Kazuma	FA	3B	361.45	74	590		154		
307	10072	Mullins, Cedric	TB	OF	361.90	242	384		154		
308	11753	Carter, Evan	TEX	OF	362.69	153	389		150		
309	12331	Smith, Cam	HOU	OF	366.23	237	399		149		
310	12148	Matthews, Zebby	MIN	P	366.47	172	411		148		
311	11159	Ober, Bailey	MIN	P	366.81	195	339		143		
312	7886	Taillon, Jameson	CHC	P	367.19	188	383		151		
313	11919	DeLauter, Chase	CLE	OF	368.07	232	491		152		
314	10207	Rodriguez, Grayson	LAA	P	369.24	199	412		147		
315	11576	Wallner, Matt	MIN	OF	370.43	223	446		154		
316	11420	Seymour, Ian	TB	P	370.94	199	456		147		
317	11182	Senga, Kodai	NYM	P	372.71	209	345		142		
318	11362	Bello, Brayan	BOS	P	372.86	212	387		148		
319	9710	Bader, Harrison	PHI	OF	374.11	253	531		151		
320	9765	Robles, Victor	SEA	OF	374.94	179	447		148		
321	10980	Jung, Josh	TEX	3B	375.56	195	393		148		
322	12215	Messick, Parker	CLE	P	377.61	203	414		142		
323	11898	Warren, Will	NYY	P	377.72	258	414		148		
324	10347	Santillan, Tony	CIN	P	391.79	181	637		142		
325	10145	Singer, Brady	CIN	P	400.71	230	390		140		
326	10327	Murphy, Sean	ATL	C	402.21	252	531		146		
327	12359	Taylor, Grant	CWS	P	403.47	212	448		138		
328	11947	Scott II, Victor	STL	OF	403.95	223	527		145		
329	11553	Estrada, Jeremiah	SD	P	419.62	234	535		143		
330	11325	Volpe, Anthony	NYY	SS	419.78	217	391		128		
331	9993	McKinstry, Zach	DET	3B, SS, OF	429.12	205	384		129		
332	8666	Manaea, Sean	NYM	P	439.12	242	448		129		
333	11439	Lawlar, Jordan	ARZ	3B	440.25	219	412		124		
334	11999	Ashcraft, Braxton	PIT	P	441.63	173	430		122		
335	11603	Norby, Connor	MIA	3B	442.47	261	458		129		
336	10236	Sanchez, Jesus	HOU	OF	444.31	267	429		127		
337	11740	Lee, Brooks	MIN	2B, 3B, SS	445.25	247	393		121		
338	10325	Weathers, Ryan	MIA	P	447.70	226	383		116		
339	12303	Crawford, Justin	PHI	OF	448.86	257	550		131		
340	12344	Tong, Jonah	NYM	P	457.66	178	413		111		
341	10438	Kikuchi, Yusei	LAA	P	468.88	227	486		119		
342	9312	Lugo, Seth	KC	P	470.21	250	432		116		
343	10355	Casas, Triston	BOS	1B	470.81	213	453		112		
344	11395	Faucher, Calvin	MIA	P	476.76	181	568		124		
345	11823	Garcia, Robert	TEX	P	478.33	183	639		126		
346	12227	Meidroth, Chase	CWS	2B, SS	479.87	252	481		114		
347	11778	Canzone, Dominic	SEA	OF	487.92	277	516		114		
348	8426	Wacha, Michael	KC	P	488.40	220	428		110		
349	9799	Keller, Mitch	PIT	P	491.94	277	450		110		
350	10885	Walker, Jordan	STL	OF	494.01	243	558		118		
351	10335	Woods Richardson, Simeon	MIN	P	495.81	282	532		110		
352	10915	Detmers, Reid	LAA	P	497.88	246	479		110		
353	10263	Ruiz, Keibert	WAS	C	499.41	288	475		114		
354	10204	Sheets, Gavin	SD	OF	499.74	270	437		110		
355	11434	Horwitz, Spencer	PIT	1B	501.84	287	438		109		
356	9555	Holmes, Clay	NYM	P	501.92	254	408		102		
357	10146	Marsh, Brandon	PHI	OF	503.04	212	456		111		
358	12202	Eldridge, Bryce	SF	UT	504.45	200	439		102		
359	10123	Morejon, Adrian	SD	P	507.94	210	537		113		
360	12259	Patrick, Chad	MLW	P	510.73	298	519		105		
361	11514	Fermin, Freddy	SD	C	511.28	265	587		117		
362	11861	Vodnik, Victor	COL	P	511.91	228	573		112		
363	12452	Tolle, Payton	BOS	P	514.83	202	386		93		
364	11187	Soriano, Jose	LAA	P	515.63	308	465		106		
365	12195	Campbell, Kristian	BOS	2B	517.02	246	461		98		
366	10760	Gil, Luis	NYY	P	520.75	237	439		96		
367	9706	Kittredge, Andrew	BAL	P	521.49	217	738		112		
368	10350	Larnach, Trevor	MIN	OF	523.80	297	464		102		
369	9789	O'Neill, Tyler	BAL	OF	524.05	282	454		98		
370	8694	Crawford, J.P.	SEA	SS	524.48	262	463		101		
371	12179	Collins, Isaac	KC	OF	524.71	271	496		105		
372	8724	Giolito, Lucas	BOS	P	528.48	286	485		97		
373	11585	Painter, Andrew	PHI	P	528.75	266	433		94		
374	12067	Mangum, Jake	TB	OF	529.74	220	575		102		
375	11441	Smith, Josh	TEX	1B, 3B, SS	530.54	222	417		94		
376	10774	Ponce, Cody	TOR	P	533.58	238	646		104		
377	11889	Mayo, Coby	BAL	1B	538.10	256	476		93		
378	9430	Weaver, Luke	NYM	P	540.09	257	630		108		
379	10181	Peterson, David	NYM	P	540.53	254	476		96		
380	11934	Mayer, Marcelo	BOS	3B	542.02	194	481		90		
381	11225	Nootbaar, Lars	STL	OF	542.67	301	494		95		
382	9763	Hays, Austin	CIN	OF	543.77	161	451		93		
383	10477	Steele, Justin	CHC	P	544.98	185	468		89		
384	12217	Ballesteros, Moises	CHC	UT	545.24	222	522		88		
385	11907	Snelling, Robby	MIA	P	546.46	276	486		89		
386	12190	Rushing, Dalton	LAD	C	547.73	268	512		98		
387	10307	Meadows, Parker	DET	OF	551.55	269	459		91		
388	11190	Whitlock, Garrett	BOS	P	551.86	292	568		104		
389	9742	Mahle, Tyler	TEX	P	553.30	201	464		87		
390	11102	Bailey, Patrick	SF	C	554.53	282	551		101		
391	12480	Benge, Carson	NYM	OF	555.75	278	604		95		
392	9726	McMahon, Ryan	NYY	3B	556.88	268	491		91		
393	11342	Clemens, Kody	MIN	OF, 2B, 1B	558.28	280	544		89		
394	10717	Javier, Cristian	HOU	P	560.41	263	517		89		
395	11841	Lopez, Jacob	ATH	P	560.41	243	497		85		
396	8223	Arenado, Nolan	STL	3B	564.13	292	486		93		
397	10971	Cavalli, Cade	WAS	P	564.26	296	521		86		
398	10290	Amaya, Miguel	CHC	C	567.29	280	615		96		
399	9417	Benintendi, Andrew	CWS	OF	568.02	282	494		88		
400	9262	Caratini, Victor	HOU	C	569.18	302	601		94		
401	10248	India, Jonathan	KC	OF, 3B, 2B	570.16	303	534		88		
402	11586	Pfaadt, Brandon	ARZ	P	570.24	247	506		83		
403	9677	Maton, Phil	CHC	P	570.54	303	647		98		
404	8879	Bassitt, Chris	TOR	P	572.23	291	510		85		
405	11193	Wells, Tyler	BAL	P	573.37	309	552		85		
406	9609	Rengifo, Luis	LAA	2B, 3B	573.55	283	470		84		
407	11297	Brash, Matt	SEA	P	573.88	266	586		97		
408	12472	Miller, Aidan	PHI	SS	574.91	273	518		81		
409	10434	Perez, Wenceel	DET	OF	575.19	317	534		86		
410	11588	Bradley, Taj	MIN	P	576.28	264	491		81		
411	8331	Soler, Jorge	LAA	OF	576.80	298	543		87		
412	10528	Romero, JoJo	STL	P	577.02	230	624		92		
413	9410	Lopez, Reynaldo	ATL	P	577.85	275	624		83		
414	9856	Castro, Willi	CHC	2B, 3B, OF	578.24	317	472		82		
415	9860	Littell, Zack	CIN	P	578.56	255	476		85		
416	12434	Morales, Luis	ATH	P	579.00	228	540		82		
417	10766	Cronenworth, Jake	SD	2B	582.56	276	490		84		
418	11836	Cecconi, Slade	CLE	P	585.92	297	494		80		
419	12194	Moore, Christian	LAA	2B	587.82	293	506		80		
420	11625	Ortiz, Joey	MLW	SS	588.29	272	525		83		
421	11619	Burrows, Mike	HOU	P	588.54	262	599		78		
422	9470	Higashioka, Kyle	TEX	C	588.71	286	595		91		
423	9800	Burnes, Corbin	ARZ	P	589.94	70	680		79		
424	10183	Kremer, Dean	BAL	P	592.40	259	545		83		
425	10067	Springs, Jeffrey	ATH	P	593.09	275	502		80		
426	9936	Keller, Brad	PHI	P	593.51	275	624		85		
427	12050	Caissie, Owen	CHC	OF	593.55	304	560		86		
428	11276	Gonzalez, Romy	BOS	1B, 2B	594.03	260	568		80		
429	11893	Jones, Jared	PIT	P	594.10	301	525		78		
430	10832	Meyer, Max	MIA	P	596.74	289	515		77		
431	10356	Freeman, Tyler	COL	OF	596.85	296	586		83		
432	11634	Roupp, Landen	SF	P	597.53	331	528		80		
433	10446	Thomas, Lane	KC	OF	597.70	265	551		84		
434	8951	Berrios, Jose	TOR	P	597.81	324	509		81		
435	11937	Ford, Harry	WAS	C	599.33	263	600		90		
436	12241	Clarke, Denzel	ATH	OF	600.78	316	599		80		
437	11668	Triolo, Jared	PIT	1B, 3B, SS	602.70	305	558		79		
438	8962	Bell, Josh	MIN	1B	603.09	296	552		83		
439	12478	White, Thomas	MIA	P	603.19	325	566		78		
440	12024	Williams, Carson	TB	SS	604.03	321	551		78		
441	9791	Soroka, Michael	ARZ	P	604.42	305	557		79		
442	11105	Doval, Camilo	NYY	P	604.78	236	591		85		
443	8643	Baez, Javier	DET	3B, SS, OF	604.91	283	548		80		
444	8958	Severino, Luis	ATH	P	606.12	275	542		81		
445	12216	Bazzana, Travis	CLE	2B	606.40	322	563		76		
446	11632	Abel, Mick	MIN	P	608.49	334	564		77		
447	10287	Liberatore, Matthew	STL	P	608.91	311	549		80		
448	12479	Emerson, Colt	SEA	SS	608.97	315	604		77		
449	10061	McNeil, Jeff	NYM	2B, OF	609.63	321	594		81		
450	12047	Jones, Spencer	NYY	OF	609.72	286	577		78		
451	11924	Povich, Cade	BAL	P	609.77	329	538		78		
452	12040	Jenkins, Walker	MIN	OF	610.25	309	581		77		
453	12214	Kim, Hyeseong	LAD	2B	610.40	305	529		77		
454	12482	Mack, Joe	MIA	C	611.81	294	559		78		
455	12198	Sproat, Brandon	NYM	P	611.98	307	516		76		
456	9725	Hoskins, Rhys	MLW	1B	612.76	338	582		78		
457	10626	Yastrzemski, Mike	ATL	OF	613.10	308	566		83		
458	9123	Armstrong, Shawn	CLE	P	613.31	173	633		86		
459	11868	Boyle, Joe	TB	P	613.48	291	568		76		
460	9977	Mountcastle, Ryan	BAL	1B	613.73	332	563		78		
461	10769	Cleavinger, Garrett	TB	P	614.97	292	718		89		
462	12020	Arrighetti, Spencer	HOU	P	616.05	295	664		82		
463	10705	Heim, Jonah	TEX	C	616.98	302	713		82		
464	10296	Lowe, Nathaniel	BOS	1B	617.78	323	592		80		
465	12435	Kayfus, C.J.	CLE	OF	618.01	331	522		77		
466	11637	Lukes, Nathan	TOR	OF	618.14	323	586		80		
467	12137	McGreevy, Michael	STL	P	618.62	276	599		79		
468	9379	Eflin, Zach	BAL	P	621.02	307	575		79		
469	11755	Burke, Sean	CWS	P	622.24	325	593		81		
470	12128	Baldwin, Brooks	CWS	OF	624.02	304	667		77		
471	9124	Rea, Colin	CHC	P	625.60	337	597		80		
472	10318	Mauricio, Ronny	NYM	3B	626.23	315	552		76		
473	11943	Hicks, Liam	MIA	1B, C	626.34	330	617		81		
474	9795	Jansen, Danny	TEX	C	626.90	231	620		84		
475	9921	Erceg, Lucas	KC	P	626.92	283	541		76		
476	10999	Meyers, Jake	HOU	OF	627.44	280	596		76		
477	11624	Gelof, Zack	ATH	2B	627.78	346	573		73		
478	11933	Lowder, Rhett	CIN	P	627.96	355	576		76		
479	8650	Stephenson, Robert	LAA	P	628.50	263	700		82		
480	5420	Verlander, Justin	SF	P	630.36	329	669		78		
481	10379	Rocchio, Brayan	CLE	2B, SS	630.46	368	594		75		
482	8126	Goldschmidt, Paul	NYY	1B	630.50	294	668		77		
483	10262	Hayes, Ke'Bryan	CIN	3B	630.97	324	597		77		
484	11905	Johnston, Troy	COL	OF	632.01	327	614		72		
485	12502	Baez, Joshua	STL	OF	632.70	337	710		74		
486	12183	Rocker, Kumar	TEX	P	633.39	305	615		76		
487	10892	Oviedo, Johan	BOS	P	633.87	315	618		75		
488	12266	Svanson, Matt	STL	P	634.23	260	733		79		
489	12461	Cole, Zach	HOU	OF	634.53	300	629		67		
490	10303	Gorman, Nolan	STL	3B, 2B	634.90	340	601		76		
491	11935	Brown, Ben	CHC	P	635.33	316	586		73		
492	11912	Scott, Christian	NYM	P	636.24	346	606		75		
493	9523	Andujar, Miguel	CIN	3B, OF	636.92	360	628		76		
494	11266	Latz, Jacob	TEX	P	638.22	311	600		72		
495	12403	Hernandez, Heriberto	MIA	OF	638.62	373	653		75		
496	12389	Blubaugh, AJ	HOU	P	639.03	399	622		76		
497	11597	Harrison, Kyle	BOS	P	639.11	350	604		74		
498	10200	Arias, Gabriel	CLE	2B, SS	639.75	385	603		75		
499	10245	Bart, Joey	PIT	C	639.97	337	599		76		
500	10661	Clase, Emmanuel	CLE	P	640.25	84	723		54		
501	11754	Joyce, Ben	LAA	P	642.17	280	640		77		
502	11926	House, Brady	WAS	3B	642.31	357	581		74		
503	10372	Ashby, Aaron	MLW	P	642.74	295	616		78		
504	10309	Smith, Pavin	ARZ	1B	644.86	396	597		74		
505	12161	Ginn, J.T.	ATH	P	645.12	358	568		69		
506	10833	Martin, Austin	MIN	OF	645.21	350	597		66		
507	9475	Gurriel Jr., Lourdes	ARZ	OF	645.32	268	699		75		
508	11743	Schmitt, Casey	SF	2B, 3B	646.44	336	602		70		
509	12192	Mathews, Quinn	STL	P	648.00	376	698		75		
510	10880	Pages, Pedro	STL	C	648.94	342	667		73		
511	12189	Condon, Charlie	COL	1B	649.31	382	664		73		
512	11331	Veen, Zac	COL	OF	649.85	392	608		69		
513	10468	Holmes, Grant	ATL	P	650.00	397	658		73		
514	12177	Sanoja, Javier	MIA	2B, 3B, OF	650.44	363	706		76		
515	11855	Phillips, Connor	CIN	P	651.03	330	729		74		
516	11038	Gonzales, Nick	PIT	2B	651.44	409	616		68		
517	11204	Mitchell, Garrett	MLW	OF	652.83	328	670		68		
518	11681	DeLuca, Jonny	TB	OF	654.35	322	702		69		
519	10234	Jackson, Jeremiah	BAL	OF	654.60	242	683		71		
520	12345	Perkins, Jack	ATH	P	654.84	367	655		71		
521	6837	Scherzer, Max	TOR	P	654.93	371	609		70		
522	11424	Varland, Louis	TOR	P	654.94	300	747		75		
523	11283	Crawford, Kutter	BOS	P	655.41	357	615		71		
524	11736	Encarnacion-Strand, Christian	CIN	1B	655.41	347	613		72		
525	12199	Thomas, Colby	ATH	OF	656.21	341	598		69		
526	12301	Muncy, Max	ATH	2B, 3B	656.87	379	590		68		
527	11990	Rodriguez, Emmanuel	MIN	OF	659.48	267	654		72		
528	11863	Gipson-Long, Sawyer	DET	P	659.82	338	714		70		
529	10024	Lauer, Eric	TOR	P	659.97	391	648		71		
530	11986	McDonald, Trevor	SF	P	660.90	397	726		68		
531	12346	Walcott, Sebastian	TEX	SS	661.94	363	705		69		
532	11923	Williams, Jett	NYM	SS	662.21	386	622		68		
533	12169	Halvorsen, Seth	COL	P	662.33	316	689		62		
534	9802	Dubon, Mauricio	ATL	2B, 3B, SS, OF	662.59	385	688		70		
535	11364	Sands, Cole	MIN	P	664.27	338	719		72		
536	10142	Alexander, Blaze	ARZ	3B	664.66	364	702		66		
537	10203	Lux, Gavin	CIN	OF	664.70	314	694		70		
538	12329	Rodriguez-Cruz, Elmer	NYY	P	664.88	405	620		69		
539	11629	Yoshida, Masataka	BOS	UT	665.12	331	651		67		
540	10189	May, Dustin	STL	P	665.35	340	623		68		
541	12010	Nunez, Nasim	WAS	SS	665.70	377	639		59		
542	8748	Martinez, Nick	CIN	P	665.84	313	608		71		
543	12355	Matthews, Brice	HOU	2B	665.85	243	594		60		
544	12367	Clark, Max	DET	OF	666.15	344	624		62		
545	12250	Tawa, Tim	ARZ	1B, OF, 2B	668.09	343	668		64		
546	10147	Garrett, Braxton	MIA	P	668.27	369	732		65		
547	10784	Vesia, Alex	LAD	P	668.37	321	748		70		
548	12450	Crooks, Jimmy	STL	C	668.66	271	724		63		
549	8632	Rodriguez, Eduardo	ARZ	P	669.81	397	694		66		
550	9863	Kiner-Falefa, Isiah	TOR	3B, SS	670.15	310	702		69		
551	9172	Kepler, Max	PHI	OF	670.16	426	636		66		
552	10524	Akin, Keegan	BAL	P	670.37	317	707		60		
553	11106	Beeter, Clayton	WAS	P	673.07	294	726		67		
554	10210	Conine, Griffin	MIA	OF	674.26	407	730		64		
555	12009	Kolek, Stephen	KC	P	674.46	322	638		61		
556	11895	Saggese, Thomas	STL	2B, SS	675.06	337	634		61		
557	12481	Wiggins, Jaxon	CHC	P	675.07	399	745		68		
558	11792	Bradford, Cody	TEX	P	675.29	400	681		69		
559	11745	Gasser, Robert	MLW	P	675.84	445	678		64		
560	11528	Gaddis, Hunter	CLE	P	676.03	345	698		69		
561	12477	Waldschmidt, Ryan	ARZ	OF	678.45	384	713		61		
562	12124	Wrobleski, Justin	LAD	P	679.53	361	748		62		
563	11606	Mead, Curtis	CWS	1B, 3B	679.83	434	683		65		
564	11154	Morel, Christopher	MIA	OF	681.63	395	735		61		
565	11910	Ryan, River	LAD	P	681.95	327	745		68		
566	12197	Schultz, Noah	CWS	P	681.98	383	721		68		
567	9557	Sosa, Edmundo	PHI	2B, 3B	682.08	356	733		64		
568	9205	Strahm, Matt	KC	P	682.97	329	746		69		
569	12338	Kemp, Otto	PHI	3B	683.55	386	662		58		
570	11280	Junk, Janson	MIA	P	683.84	336	701		60		
571	9779	Kopech, Michael	LAD	P	686.32	292	739		61		
572	10126	Thomas, Alek	ARZ	OF	686.57	488	636		58		
573	11906	Quero, Jeferson	MLW	C	686.66	332	725		60		
574	9788	Bauers, Jake	MLW	OF, 1B	686.89	445	722		57		
575	12026	Birdsong, Hayden	SF	P	687.30	375	698		54		
576	12144	Del Castillo, Adrian	ARZ	UT	687.83	411	736		53		
577	11902	Festa, David	MIN	P	687.89	440	739		64		
578	12288	Bergert, Ryan	KC	P	688.24	341	735		60		
579	12181	Wagaman, Eric	MIA	1B, OF	689.53	443	668		55		
580	11401	Sears, JP	SD	P	691.05	440	715		56		
581	11822	Leahy, Kyle	STL	P	692.55	469	695		56		
582	11742	Davis, Henry	PIT	C	693.04	335	718		59		
583	10345	Myers, Tobias	MLW	P	693.38	414	725		55		
584	12209	Dollander, Chase	COL	P	693.49	406	744		61		
585	9644	Jimenez, Joe	ATL	P	693.95	321	739		48		
586	11046	Hassell III, Robert	WAS	OF	694.34	342	694		49		
587	8688	Pederson, Joc	TEX	UT	694.44	361	669		46		
588	9764	Buehler, Walker	PHI	P	694.63	390	739		58		
589	11838	Schneider, Davis	TOR	2B, OF	695.79	423	734		55		
590	11379	Bautista, Felix	BAL	P	695.80	155	745		32		
591	12473	Ritchie, JR	ATL	P	695.90	426	734		57		
592	9894	Estrada, Thairo	COL	2B	696.00	399	722		51		
593	10764	Raley, Luke	SEA	1B, OF	697.10	433	731		52		
594	12279	Garcia, Jhostynxon	PIT	OF	697.49	287	733		47		
595	12097	Sterner, Justin	ATH	P	697.77	323	748		54		
596	11675	Martinez, Angel	CLE	2B, OF	698.14	429	707		55		
597	10853	Baker, Bryan	TB	P	698.33	330	750		55		
598	11876	Kerkering, Orion	PHI	P	698.43	328	745		62		
599	11614	Acuna, Luisangel	NYM	2B	699.04	387	679		54		
600	9175	Houser, Adrian	SF	P	699.47	347	688		51		
601	11965	Amador, Adael	COL	2B	699.95	336	750		47		
602	12439	Karros, Kyle	COL	3B	700.19	430	692		48		
603	11678	Matos, Luis	SF	OF	700.58	391	728		52		
604	12098	Schneemann, Daniel	CLE	2B, 3B, OF	700.95	463	720		51		
605	12249	Young, Cole	SEA	2B	701.37	468	748		50		
606	8979	Moncada, Yoan	LAA	3B	701.38	379	687		51		
607	9515	Alvarado, Jose	PHI	P	702.37	282	704		52		
608	10205	Valera, George	CLE	UT	702.47	419	727		51		
609	12046	Melton, Jacob	HOU	OF	702.95	474	707		52		
610	11080	Toglia, Michael	COL	1B	703.45	307	749		43		
611	8280	Quintana, Jose	MLW	P	703.58	482	746		56		
612	11605	Tiedemann, Ricky	TOR	P	704.30	473	702		54		
613	11516	Massey, Michael	KC	2B	704.41	377	748		52		
614	12486	Gibson, Trey	BAL	P	704.74	485	703		54		
615	11145	Yorke, Nick	PIT	2B	704.78	408	719		45		
616	12592	Song, Sung-mun	FA	3B	705.38	327	738		36		
617	11223	Vierling, Matt	DET	OF	705.93	317	714		45		
618	12489	Ingle, Cooper	CLE	C	706.22	457	705		47		
619	8808	Yates, Kirby	LAD	P	706.48	416	708		50		
620	12484	Jump, Gage	ATH	P	707.17	368	740		54		
621	12231	Freeland, Alex	LAD	3B	707.52	455	743		48		
622	12476	Culpepper, Kaelen	MIN	SS	707.53	467	729		50		
623	11307	Elder, Bryce	ATL	P	708.29	451	733		52		
624	10226	McCarthy, Jake	ARZ	OF	708.94	379	748		48		
625	12369	Lord, Brad	WAS	P	709.01	467	694		47		
626	9838	Dominguez, Seranthony	TOR	P	709.55	331	748		54		
627	10838	Bleday, JJ	ATH	OF	709.65	473	741		45		
628	10842	Lee, Dylan	ATL	P	709.78	331	730		52		
629	12014	Fitts, Richard	STL	P	710.22	460	747		37		
630	10937	Wong, Connor	BOS	C	710.59	335	740		49		
631	11988	Teng, Kai-Wei	SF	P	711.72	431	748		47		
632	11403	Jameson, Drey	ARZ	P	712.08	419	743		53		
633	11846	Young, Jacob	WAS	OF	712.47	453	748		51		
634	12483	Anderson, Kade	SEA	P	712.68	423	723		52		
635	11856	Saalfrank, Andrew	ARZ	P	713.03	280	750		39		
636	11650	Harris, Hogan	ATH	P	713.26	455	737		47		
637	10640	Civale, Aaron	CHC	P	713.60	425	735		43		
638	10694	Kay, Anthony	CWS	P	713.65	316	730		33		
639	8210	Darvish, Yu	SD	P	714.52	357	638		28		
640	10308	Sandoval, Patrick	BOS	P	714.56	451	692		46		
641	10748	Griffin, Foster	WAS	P	714.58	179	733		40		
642	11350	Diaz, Alexis	TEX	P	714.69	354	748		32		
643	12511	Anderson, Max	DET	2B	714.69	442	736		45		
644	12440	Gilbert, Drew	SF	OF	714.77	493	734		45		
645	10112	Means, John	CLE	P	716.21	499	744		44		
646	9028	Lorenzen, Michael	KC	P	717.15	501	738		47		
647	12415	Fuentes, Didier	ATL	P	717.99	472	745		41		
648	11771	Kjerstad, Heston	BAL	OF	718.28	447	749		42		
649	11952	Loperfido, Joey	TOR	OF	718.48	442	748		47		
650	12360	Barco, Hunter	PIT	P	718.89	467	737		44		
651	12496	Rada, Nelson	LAA	OF	719.14	458	744		46		
652	10304	Jones, Nolan	CLE	OF	719.99	401	749		45		
653	11956	Whisenhunt, Carson	SF	P	720.48	421	750		39		
654	9734	Minter, A.J.	NYM	P	720.74	323	739		34		
655	12219	Fernandez, Yanquiel	COL	OF	721.26	462	717		40		
656	12514	Valdez, Esmerlyn	PIT	OF	721.36	444	750		40		
657	11920	Hernaiz, Darell	ATH	3B, SS	721.39	477	690		40		
658	12299	De Vries, Leodalis	SD	SS	721.88	430	733		39		
659	10444	Moore, Dylan	TEX	2B, OF	722.07	470	750		40		
660	12300	Osuna, Alejandro	TEX	OF	722.12	464	748		41		
661	7538	Flores, Wilmer	SF	1B	722.27	393	743		37		
662	11651	Bernabel, Warming	COL	1B	722.37	530	730		36		
663	11789	Fry, David	CLE	UT	722.85	434	743		40		
664	12213	Bradfield, Enrique	BAL	OF	723.06	496	736		39		
665	12352	Made, Jesus	MLW	SS	723.20	313	744		33		
666	9934	Cortes, Nestor	SD	P	723.53	412	744		26		
667	12492	Saiki, Hiroto	FA	P	723.69	397	745		27		
668	12406	Ritter, Ryan	COL	2B, SS	724.26	487	749		39		
669	10518	Romano, Jordan	LAA	P	724.89	344	737		29		
670	12487	Doyle, Liam	STL	P	724.91	377	741		38		
671	10025	Adam, Jason	SD	P	725.07	363	745		36		
672	11984	Perales, Luis	WAS	P	725.31	508	748		38		
673	11584	Rodriguez, Endy	PIT	1B	725.36	455	744		34		
674	12488	Briceno, Josue	DET	C	725.63	380	740		38		
675	11531	Grissom, Vaughn	LAA	2B	725.98	331	747		27		
676	11587	Stone, Gavin	LAD	P	726.00	549	737		38		
677	12517	McDougal, Tanner	CWS	P	726.12	541	737		43		
678	10499	Lawrence, Justin	PIT	P	726.17	428	741		42		
679	11557	Cruz, Fernando	NYY	P	726.23	479	727		38		
680	10926	Espino, Daniel	CLE	P	726.39	424	741		31		
681	9938	Kinley, Tyler	ATL	P	726.66	363	749		36		
682	11980	Hodge, Porter	CHC	P	726.76	485	740		38		
683	8954	Conforto, Michael	LAD	OF	726.99	488	735		35		
684	8633	Harvey, Hunter	KC	P	727.18	436	750		32		
685	10362	Benson, Will	CIN	OF	727.29	464	740		39		
686	9892	Soto, Gregory	PIT	P	727.37	271	739		19		
687	11043	Campusano, Luis	SD	UT	727.37	305	746		35		
688	10662	Ginkel, Kevin	ARZ	P	727.49	483	743		34		
689	12512	Bratt, Mitch	ARZ	P	727.84	476	721		36		
690	12220	Klassen, George	LAA	P	727.85	549	745		38		
691	12210	Roden, Alan	MIN	OF	727.91	418	731		34		
692	10485	France, Ty	TOR	1B	728.05	386	749		37		
693	11412	Allen, Logan	CLE	P	728.05	501	742		36		
694	11470	Martin, Davis	CWS	P	728.65	306	748		36		
695	11417	Ashcraft, Graham	CIN	P	728.73	463	750		33		
696	12493	Pecko, Ethan	HOU	P	728.73	532	745		37		
697	12196	Smith, Hagen	CWS	P	729.11	475	744		34		
698	8212	Sanchez, Gary	BAL	C	729.32	469	744		34		
699	10225	Fraley, Jake	TB	OF	729.68	457	727		31		
700	12475	Clifford, Ryan	NYM	1B	730.10	431	746		36		
701	11547	Assad, Javier	CHC	P	730.12	418	750		36		
702	10688	Speier, Gabe	SEA	P	730.17	548	748		35		
703	10406	Alcantara, Kevin	CHC	OF	730.58	449	747		33		
704	11874	Fitzgerald, Tyler	SF	2B	730.63	427	742		34		
705	12034	Crim, Blaine	COL	1B	730.88	550	743		33		
706	10854	Manoah, Alek	LAA	P	731.26	479	745		28		
707	10725	Rogers, Tyler	TOR	P	731.33	314	716		15		
708	12307	Ward, Ryan	LAD	OF	731.34	398	749		33		
709	11994	Corniell, Jose	TEX	P	731.51	471	750		27		
710	10839	Encarnacion, Jerar	SF	OF	731.53	479	749		36		
711	11719	Perkins, Blake	MLW	OF	731.54	460	747		29		
712	12348	Susana, Jarlin	WAS	P	731.90	539	750		33		
713	12171	Dana, Caden	LAA	P	731.92	489	739		32		
714	10246	Wentz, Joey	ATL	P	732.49	398	745		24		
715	11810	Mlodzinski, Carmen	PIT	P	732.92	561	745		35		
716	12186	Henriquez, Edgardo	LAD	P	733.21	491	746		26		
717	11148	Sugano, Tomoyuki	BAL	P	733.34	433	748		24		
718	11289	Fortes, Nick	TB	C	733.73	554	747		36		
719	8807	Rojas, Miguel	LAD	3B, 2B, SS	734.21	533	748		30		
720	10445	Urias, Ramon	HOU	2B, 3B	734.21	540	747		32		
721	11399	Outman, James	MIN	OF	734.29	448	740		31		
722	9549	Garver, Mitch	SEA	C	734.67	391	750		30		
723	12206	Maxwell, Zach	CIN	P	735.30	537	741		31		
724	12392	Tidwell, Blade	SF	P	735.47	459	749		32		
725	10425	Palacios, Richie	TB	OF	735.76	516	726		23		
726	11073	Miller, Bobby	LAD	P	735.80	418	742		30		
727	12323	Sykora, Travis	WAS	P	735.88	392	666		14		
728	10295	Pearson, Nate	HOU	P	736.13	470	748		25		
729	11954	Pauley, Graham	MIA	3B	736.25	527	743		27		
730	11904	Vasil, Mike	CWS	P	736.40	501	750		33		
731	9648	Leiter Jr., Mark	ATH	P	736.41	354	674		13		
732	12131	Hopkins, Brody	TB	P	736.45	554	748		32		
733	12491	Lagrange, Carlos	NYY	P	736.59	465	749		22		
734	12498	Johnson, Ty	TB	P	736.62	547	747		31		
735	11621	Montgomery, Mason	TB	P	736.78	518	749		30		
736	12501	Rodriguez, Jesus	SF	C	736.83	567	743		31		
737	11130	Francis, Bowden	TOR	P	736.84	491	748		27		
738	9500	Rosario, Amed	NYY	3B	736.86	533	746		28		
739	9880	Tellez, Rowdy	TEX	1B	736.86	497	748		23		
740	9817	Whitley, Forrest	TB	P	736.87	518	749		17		
741	11370	Duran, Ezequiel	TEX	1B, SS	736.90	532	750		29		
742	8659	McCullers Jr., Lance	HOU	P	736.94	542	732		27		
743	10734	Phillips, Tyler	MIA	P	737.09	320	750		23		
744	11375	Weiss, Ryan	HOU	P	737.12	524	746		20		
745	11615	De Los Santos, Deyvison	MIA	1B	737.30	547	750		32		
746	12521	Montgomery, Braden	CWS	OF	737.49	506	740		23		
747	8689	Matz, Steven	TB	P	737.53	474	749		20		
748	12304	Montes, Lazaro 	SEA	OF	737.62	475	713		16		
749	12159	Casparius, Ben	LAD	P	738.08	565	745		31		
750	8895	Garcia, Yimi	TOR	P	738.17	520	743		27		
751	11677	Vasquez, Randy	SD	P	738.29	463	740		22		
752	8756	Treinen, Blake	LAD	P	738.48	473	750		21		
753	11941	Bliss, Ryan	SEA	2B	738.49	579	739		25		
754	11126	Topa, Justin	MIN	P	738.51	516	750		25		
755	10955	Walls, Taylor	TB	SS	738.80	610	715		29		
756	10976	Irvin, Jake	WAS	P	738.82	499	742		21		
757	12129	Alvarez Jr., Nacho	ATL	3B	740.12	435	729		18		
758	12164	Zeferjahn, Ryan	LAA	P	740.20	525	746		21		
759	10187	Hall, DL	MLW	P	740.38	561	749		26		
760	9698	Tauchman, Mike	CWS	OF	740.41	561	745		23		
761	11949	Salas, Ethan	SD	C	740.44	407	704		10		
762	11762	Flores, Rafael	PIT	1B	740.56	282	738		21		
763	11916	Rodriguez, Yariel	TOR	P	740.60	571	748		25		
764	8835	Hernandez, Enrique	LAD	1B, 3B, OF	740.69	521	744		20		
765	11592	Julien, Edouard	MIN	1B, 2B	740.81	513	750		21		
766	11645	Hamilton, David	BOS	2B	740.85	553	750		24		
767	11666	Martinez, Justin	ARZ	P	740.89	450	705		9		
768	9583	Anderson, Drew	DET	P	741.18	484	742		13		
769	11068	Houck, Tanner	BOS	P	741.32	487	706		10		
770	11382	Noel, Jhonkensy	CLE	OF	741.34	467	745		11		
771	12485	Ortiz, Abimelec	TEX	1B	741.36	533	734		20		
772	9600	Torrens, Luis	NYM	C	741.59	587	744		26		
773	12030	Rodriguez, Hector	CIN	OF	741.62	566	749		21		
774	9807	Yarbrough, Ryan	NYY	P	741.77	568	740		21		
775	12155	Sweeney, Trey	DET	SS	741.83	499	746		17		
776	11820	Myers, Dane	MIA	OF	741.99	527	744		18		
777	12145	Dezenzo, Zach	HOU	OF	742.45	566	746		18		
778	9862	Trevino, Jose	CIN	C	742.47	526	746		21		
779	10167	Winn, Cole	TEX	P	742.58	281	727		6		
780	12045	Petty, Chase	CIN	P	742.58	525	749		20		
781	12519	Crow, Coleman	MLW	P	742.58	549	720		15		
782	12049	Locklear, Tyler	ARZ	1B	742.66	507	749		13		
783	12111	King, Bryan	HOU	P	742.66	242	744		10		
784	12518	Alderman, Kemp	MIA	OF	742.72	537	745		17		
785	9387	Frazier, Adam	KC	2B, OF	742.80	542	744		16		
786	12428	Freeman, Cody	TEX	2B	743.09	480	727		14		
787	10259	Gray, Josiah	WAS	P	743.15	457	749		16		
788	8919	Pham, Tommy	PIT	OF	743.30	545	744		19		
789	10415	Luciano, Marco	PIT	SS	743.53	591	749		16		
790	8452	Pressly, Ryan	CHC	P	743.63	403	737		9		
791	11262	Pozo, Yohel	STL	C	743.71	535	749		17		
792	10165	Schmidt, Clarke	NYY	P	743.72	568	747		17		
793	11205	Bender, Anthony	MIA	P	743.77	440	749		13		
794	10408	Isbel, Kyle	KC	OF	743.95	592	750		18		
795	8272	Corbin, Patrick	TEX	P	744.15	580	746		18		
796	9646	Montgomery, Jordan	MLW	P	744.53	472	747		13		
797	10346	Gonsolin, Tony	LAD	P	744.53	401	748		8		
798	12445	Peguero, Joel	SF	P	744.53	496	743		13		
799	11975	Mejia, Juan	COL	P	744.55	517	738		14		
800	12427	Cortes, Carlos	ATH	OF	744.63	540	750		18		
801	11897	Jobe, Jackson	DET	P	744.76	461	734		7		
802	11489	Koenig, Jared	MLW	P	744.80	528	743		11		
803	10223	Jones, Jahmai	DET	OF	744.96	557	745		12		
804	11459	Holton, Tyler	DET	P	745.03	483	716		7		
805	8897	McCann, James	ARZ	C	745.07	611	747		13		
806	12280	Dobbins, Hunter	BOS	P	745.08	584	745		15		
807	11936	Takahashi, Kona	FA	P	745.10	526	748		9		
808	12149	Gasper, Mickey	MIN	C	745.12	521	665		6		
809	11680	Winn, Keaton	SF	P	745.15	511	715		7		
810	12340	Alvarado, Elvis	ATH	P	745.15	422	737		13		
811	11442	Pallante, Andre	STL	P	745.38	590	747		16		
812	12374	Tolbert, Tyler	KC	OF	745.40	604	745		12		
813	9828	Wynns, Austin	ATH	C	745.42	567	749		12		
814	11157	Gomez, Yoendrys	TB	P	745.48	585	729		12		
815	7736	Marte, Starling	NYM	UT	745.52	492	745		9		
816	11961	Montero, Keider	DET	P	745.76	588	747		14		
817	12332	Morgan, Tre'	TB	1B	745.84	540	732		11		
818	12296	Dreyer, Jack	LAD	P	745.86	432	750		11		
819	8947	Newcomb, Sean	ATH	P	745.93	562	743		11		
820	11165	Bazardo, Eduard	SEA	P	745.95	569	746		17		
821	8645	Johnson, Pierce	ATL	P	746.05	542	738		9		
822	12232	Prielipp, Connor	MIN	P	746.09	575	746		14		
823	12505	Arnold, Jamie	ATH	P	746.17	566	740		10		
824	11377	Suwinski, Jack	PIT	OF	746.19	600	743		14		
825	12474	Isaac, Xavier	TB	UT	746.24	515	687		6		
826	11797	Monasterio, Andruw	MLW	SS	746.26	602	750		13		
827	12008	Slaten, Justin	BOS	P	746.28	478	738		10		
828	12387	Morgan, David	SD	P	746.31	555	737		7		
829	11978	Mena, Cristian	ARZ	P	746.33	601	744		12		
830	12322	Kang, Baek-Ho	FA	C	746.33	457	744		5		
831	11847	Wicks, Jordan	CHC	P	746.34	483	744		8		
832	12208	Evans, Logan	SEA	P	746.36	498	750		12		
833	12538	Long, Jonathon	CHC	1B	746.48	586	735		11		
834	12291	Santos, Winston	TEX	P	746.58	471	749		7		
835	10574	Alexander, Jason	HOU	P	746.62	591	746		16		
836	11423	Henry, Cole	WAS	P	746.63	551	726		8		
837	10209	Canning, Griffin	NYM	P	746.70	586	735		12		
838	11156	Peraza, Oswald	LAA	3B	746.72	472	722		9		
839	12358	Rincones Jr., Gabriel	PHI	OF	746.84	584	717		7		
840	11447	Blanco, Ronel	HOU	P	746.94	546	736		6		
841	8211	d'Arnaud, Travis	LAA	C	747.08	602	737		10		
842	12290	Acosta, Maximo	MIA	3B	747.10	591	741		10		
843	12503	Susac, Daniel	SF	C	747.10	424	735		9		
844	12546	White, Josh	MIA	P	747.10	495	747		8		
845	11552	Little, Brendon	TOR	P	747.12	493	749		6		
846	10109	Straw, Myles	TOR	OF	747.25	536	728		7		
847	11064	Marchan, Rafael	PHI	C	747.28	573	728		6		
848	12494	Bernal, Leonardo	STL	C	747.28	321	743		3		
849	8841	Hendricks, Kyle	LAA	P	747.31	507	741		4		
850	8950	Arcia, Orlando	COL	2B, 3B, SS	747.34	538	686		4		
851	11393	Rodriguez, Randy	SF	P	747.37	424	453		2		
852	12207	Harrington, Thomas	PIT	P	747.37	484	729		5		
853	10253	Miranda, Jose	MIN	3B	747.38	486	576		3		
854	11938	Thompson, Sterlin	COL	OF	747.38	590	748		14		
855	12225	Yoho, Craig	MLW	P	747.38	585	747		12		
856	10520	Call, Alex	LAD	OF	747.48	590	710		8		
857	12283	Seymour, Carson	SF	P	747.55	546	730		6		
858	11515	Eaton, Nate	BOS	OF	747.58	472	737		6		
859	12354	Pratt, Cooper	MLW	SS	747.61	588	739		8		
860	11773	Brito, Juan	CLE	2B	747.62	587	749		11		
861	9792	Puk, A.J.	ARZ	P	747.65	559	723		5		
862	11929	Jung, Jace	DET	3B	747.66	582	738		8		
863	8363	Raley, Brooks	NYM	P	747.75	447	744		5		
864	11969	Herz, DJ	WAS	P	747.78	597	742		8		
865	10161	Paddack, Chris	DET	P	747.83	623	747		14		
866	10873	Hancock, Emerson	SEA	P	747.94	590	732		8		
867	8189	Pomeranz, Drew	LAA	P	747.95	617	748		7		
868	12497	Reimer, Jacob	NYM	3B	747.97	522	737		6		
869	12495	Bolte, Henry	ATH	OF	748.01	581	750		10		
870	12377	Williamson, Ben	SEA	3B	748.17	652	740		10		
871	12534	Ward, Braiden	COL	OF	748.17	409	607		2		
872	11774	Smith-Shawver, AJ	ATL	P	748.20	469	551		2		
873	12371	Braun, Lucas	ATL	P	748.27	595	731		5		
874	8768	Martin, Chris	TEX	P	748.29	525	680		3		
875	9525	Enns, Dietrich	BAL	P	748.31	596	732		6		
876	9642	Sewald, Paul	DET	P	748.31	577	726		4		
877	12394	Fisher, Braydon	TOR	P	748.34	559	737		5		
878	11945	Teodo, Emiliano	TEX	P	748.35	578	749		9		
879	11090	Paris, Kyren	LAA	OF	748.44	668	743		14		
880	11172	Zerpa, Angel	MLW	P	748.51	597	708		4		
881	12500	Davalillo, David	TEX	P	748.51	668	749		14		
882	10857	Allen, Nick	HOU	SS	748.55	486	701		3		
883	10138	Allen, Austin	ATH	C	748.61	340	340		1		
884	10691	Heineman, Tyler	TOR	C	748.67	576	733		6		
885	11141	Johnson, Seth	PHI	P	748.73	548	564		2		
886	9907	Siri, Jose	NYM	OF	748.81	515	743		6		
887	7514	Santana, Carlos	CHC	1B	748.84	555	732		4		
888	12141	Hurter, Brant	DET	P	748.84	576	750		10		
889	12269	Hoglund, Gunnar	ATH	P	748.88	648	719		5		
890	11890	Black, Tyler	MLW	1B	748.90	676	746		8		
891	12508	Murphy, Owen	ATL	P	748.91	591	745		9		
892	12123	Gordon, Tanner	COL	P	748.99	486	730		4		
893	11227	Megill, Tylor	NYM	P	749.03	412	412		1		
894	11127	Foley, Jason	SF	P	749.06	436	747		3		
895	7791	Perez, Martin	CWS	P	749.08	574	598		2		
896	12223	Young, Brandon	BAL	P	749.09	607	678		3		
897	12522	Perez, Junior	ATH	OF	749.09	580	737		8		
898	10604	Mattson, Isaac	PIT	P	749.12	672	746		13		
899	6696	McCutchen, Andrew	PIT	UT	749.21	624	748		8		
900	11776	Fermin, Jose	STL	2B	749.23	664	736		7		
901	10197	Pereira, Everson	CWS	OF	749.28	667	735		6		
902	11467	Cano, Yennier	BAL	P	749.28	593	730		4		
903	12033	Hence, Tink	STL	P	749.30	613	747		7		
904	12286	Mey, Luis	CIN	P	749.31	579	732		5		
905	12595	Troy, Tommy	ARZ	2B	749.35	547	743		5		
906	11096	Peguero, Liover	PIT	SS	749.38	647	724		4		
907	12378	Fulford, Braxton	COL	C	749.38	642	744		5		
908	12609	Alberto, Alexander	CWS	P	749.38	599	735		3		
909	8929	Refsnyder, Rob	BOS	OF	749.39	588	743		5		
910	12454	Alvarez, Andrew	WAS	P	749.42	581	750		5		
911	12423	Poulin, PJ	WAS	P	749.47	632	698		3		
912	12537	Gonzalez, Gabriel	MIN	OF	749.52	695	746		8		
913	9290	Okert, Steven	HOU	P	749.59	583	746		4		
914	12167	Sabrowski, Erik	CLE	P	749.59	509	509		1		
915	12462	Guzman, Denzer	LAA	SS	749.59	605	735		4		
916	9719	Fedde, Erick	MLW	P	749.60	595	667		2		
917	10007	McCormick, Chas	HOU	OF	749.60	633	695		3		
918	10531	Rogers, Jake	DET	C	749.60	643	745		6		
919	11383	Tena, Jose	WAS	3B	749.60	510	510		1		
920	12536	Wenninger, Jack	NYM	P	749.60	678	740		6		
921	10608	Helman, Michael	TEX	OF	749.61	546	717		2		
922	9461	Mancini, Trey	CHC	1B	749.64	532	736		2		
923	10850	Adams, Riley	WAS	C	749.64	626	734		5		
924	12353	Lee, Hao-Yu	DET	3B	749.65	655	734		5		
925	12540	Drake, Kohl	ARZ	P	749.67	661	743		7		
926	12444	Church, Nathan	STL	OF	749.69	685	750		9		
927	11427	Schuemann, Max	ATH	2B, 3B, SS	749.70	582	750		4		
928	12106	Bivens, Spencer	SF	P	749.70	583	695		2		
929	12121	Orze, Eric	MIN	P	749.72	622	736		4		
930	12234	Eeles, Payton	MIN	SS	749.72	563	735		3		
931	11850	Funderburk, Kody	MIN	P	749.74	578	747		3		
932	11914	Romo, Drew	NYM	C	749.74	622	663		2		
933	7384	Robertson, David	PHI	P	749.80	582	714		2		
934	10193	Ruiz, Esteury	LAD	OF	749.80	652	738		5		
935	10274	Taveras, Leody	BAL	OF	749.80	682	726		4		
936	11171	Falter, Bailey	KC	P	749.80	564	732		2		
937	11282	Feltner, Ryan	COL	P	749.81	546	546		1		
938	12380	Morillo, Juan	ARZ	P	749.82	586	713		2		
939	8941	Freeland, Kyle	COL	P	749.84	589	739		3		
940	8225	Rendon, Anthony	LAA	3B	749.85	553	553		1		
941	12528	Torres, Bryan	STL	OF	749.86	687	745		7		
942	9974	Kelly, Michael	ATH	P	749.87	557	557		1		
943	12178	Teodosio, Bryce	LAA	OF	749.87	557	557		1		
944	12051	Wilken, Brock	MLW	3B	749.92	618	727		3		
945	12122	Bigge, Hunter	TB	P	749.92	651	748		4		
946	8716	Jackson, Luke	SEA	P	749.94	568	568		1		
947	10910	Mears, Nick	KC	P	749.94	619	700		2		
948	12600	Paez, Jedixson	CWS	P	749.94	685	740		5		
949	12205	Morris, Andrew	MIN	P	749.95	660	662		2		
950	12390	Thomas, Rhylan	SEA	OF	749.96	634	727		3		
951	12526	Neighbors, Tyson	BAL	P	750.01	596	736		2		
952	8526	Dickerson, Corey	WAS	OF	750.02	583	583		1		
953	10230	Kelenic, Jarred	ATL	OF	750.02	594	750		3		
954	12455	Farris, Mitch	LAA	P	750.02	605	729		2		
955	9295	Marquez, German	COL	P	750.03	590	749		3		
956	9733	Curtiss, John	ARZ	P	750.03	584	584		1		
957	8963	Jackson, Alex	MIN	C	750.04	586	586		1		
958	7760	Kimbrel, Craig	HOU	P	750.05	588	588		1		
959	12545	Glasser, Phillip	WAS	OF	750.05	671	732		3		
960	10645	Urquidy, Jose	DET	P	750.06	673	730		3		
961	12298	Ullola, Miguel	HOU	P	750.06	696	722		4		
962	8669	Urias, Julio	LAD	P	750.12	599	599		1		
963	12523	Carrigg, Cole	COL	OF	750.13	660	733		3		
964	9666	DeJong, Paul	WAS	3B	750.14	670	744		3		
965	12539	Fedko, Kyler	MIN	OF	750.14	645	744		3		
966	8647	Winker, Jesse	NYM	UT	750.16	606	606		1		
967	11468	Silseth, Chase	LAA	P	750.19	649	740		3		
968	8653	Gray, Jon	TEX	P	750.22	617	617		1		
969	9107	Anderson, Tyler	LAA	P	750.23	648	721		2		
970	11058	Knack, Landon	LAD	P	750.23	678	739		3		
971	12270	Lugo, Matthew	LAA	OF	750.23	681	688		2		
972	12368	Johnson, Ryan	LAA	P	750.23	708	742		6		
973	9965	McKenzie, Triston	CLE	P	750.24	661	743		4		
974	11784	Scholtens, Jesse	TB	P	750.24	646	749		3		
975	10470	Suarez, Jose	ATL	P	750.27	629	748		2		
976	11620	McGarry, Griff	WAS	P	750.27	716	726		4		
977	12081	Rivas, Leo	SEA	2B	750.27	625	625		1		
978	12510	Hess, Ben	NYY	P	750.27	692	719		3		
979	9537	Farmer, Kyle	COL	2B	750.28	681	697		2		
980	10442	Webb, Jacob	TEX	P	750.28	628	628		1		
981	11573	Young, Jared	NYM	UT	750.29	655	747		3		
982	12069	Gordon, Colton	HOU	P	750.29	629	629		1		
983	11400	Butto, Jose	SF	P	750.30	661	720		2		
984	12151	Wagner, Will	SD	3B	750.31	654	749		3		
985	12442	Seymour, Bob	TB	1B	750.34	669	738		3		
986	12533	Groover, LuJames	ARZ	3B	750.35	640	640		1		
987	12138	Sogard, Nick	BOS	1B	750.38	644	644		1		
988	12239	Sisk, Evan	PIT	P	750.39	646	646		1		
989	12221	Agnos, Zach	COL	P	750.40	647	647		1		
990	12382	Gibson, Cade	MIA	P	750.40	647	647		1		
991	12525	Stephen, Khal	CLE	P	750.42	716	743		4		
992	11144	Marsh, Alec	KC	P	750.43	653	653		1		
993	9264	Candelario, Jeimer	CIN	3B	750.45	690	718		2		
994	7683	Miller, Shelby	MLW	P	750.46	685	724		2		
995	11780	Chaparro, Andres	WAS	1B	750.48	685	747		4		
996	12504	Thomas, Jared	COL	2B	750.48	674	738		2		
997	9589	Milner, Hoby	CHC	P	750.49	663	663		1		
998	11951	Triantos, James	CHC	2B	750.50	683	746		3		
999	9524	Mateo, Jorge	BAL	SS	750.51	706	747		4		
1000	10483	Burke, Brock	LAA	P	750.51	688	730		2		
1001	12156	Whitcomb, Shay	HOU	2B	750.51	718	742		4		
1002	12524	Nichols, TJ	TB	P	750.51	722	725		3		
1003	12559	Valencia, Eduardo	DET	C	750.51	690	750		3		
1004	9239	Leclerc, Jose	ATH	P	750.52	668	668		1		
1005	12507	Miyagi, Hiroya	FA	P	750.52	669	669		1		
1006	10060	Festa, Matt	CLE	P	750.53	692	730		2		
1007	12421	Nunez, Eduarniel	ATH	P	750.53	671	671		1		
1008	11617	Malloy, Justyn-Henry	DET	OF	750.55	673	673		1		
1009	11849	Millas, Drew	WAS	C	750.55	704	721		2		
1010	11970	Parker, Mitchell	WAS	P	750.55	684	741		2		
1011	10113	Berti, Jon	CHC	3B	750.56	713	714		2		
1012	12273	Strowd, Kade	BAL	P	750.57	677	677		1		
1013	10114	Taylor, Tyrone	NYM	OF	750.58	678	678		1		
1014	9225	Rogers, Taylor	CHC	P	750.59	680	680		1		
1015	10714	Hill, Derek	CWS	OF	750.61	701	734		2		
1016	11198	Leon, Pedro	PHI	OF	750.61	695	740		2		
1017	12515	Milbrandt, Karson	MIA	P	750.62	703	734		2		
1018	11689	Headrick, Brent	NYY	P	750.63	707	747		3		
1019	7867	Iglesias, Jose	SD	SS, 2B, 3B	750.65	690	690		1		
1020	8170	Hendriks, Liam	BOS	P	750.65	717	725		2		
1021	11536	Nardi, Andrew	MIA	P	750.65	690	690		1		
1022	11779	Feduccia, Hunter	TB	C	750.65	700	741		2		
1023	8222	Sano, Miguel	LAA	3B	750.66	693	693		1		
1024	11716	France, J.P.	HOU	P	750.66	711	733		2		
1025	12499	Lambert, Ryan	NYM	P	750.66	693	693		1		
1026	12506	De Paula, Josue	LAD	OF	750.66	728	738		3		
1027	12607	Baumler, Carter	TEX	P	750.66	722	747		3		
1028	12520	Franklin, Christian	WAS	OF	750.67	697	750		3		
1029	10129	Canario, Alexander	PIT	OF	750.69	697	697		1		
1030	11765	Dodd, Dylan	ATL	P	750.69	697	697		1		
1031	8418	Walker, Taijuan	PHI	P	750.70	699	699		1		
1032	8969	Arroyo, Christian	BOS	2B	750.72	703	703		1		
1033	10501	Herget, Jimmy	COL	P	750.72	722	748		4		
1034	9886	Alzolay, Adbert	CHC	P	750.73	736	748		5		
1035	10778	Rodriguez, Manuel	TB	P	750.73	705	705		1		
1036	11078	MacIver, Willie	TEX	C	750.73	704	704		1		
1037	11640	Taylor, Samad	SEA	OF	750.73	705	705		1		
1038	12306	Sandlin, David	BOS	P	750.73	704	704		1		
1039	12447	Brown, McCade	COL	P	750.74	707	707		1		
1040	12370	Koss, Christian	SF	2B	750.75	708	708		1		
1041	10420	Martinez, Orelvis	TOR	2B	750.76	714	747		2		
1042	10247	Rodriguez, Johnathan	CLE	OF	750.77	730	748		4		
1043	11294	Moreta, Dauri	PIT	P	750.77	725	750		3		
1044	12004	Fernandez, Ryan	STL	P	750.77	712	712		1		
1045	12117	Bellozo, Valente	MIA	P	750.77	711	711		1		
1046	12509	Santucci, Jonathan	NYM	P	750.77	725	737		2		
1047	10152	Graterol, Brusdar	LAD	P	750.78	714	714		1		
1048	10840	Mesa Jr., Victor	MIA	OF	750.78	732	732		2		
1049	11526	Johnson, Bryce	SD	OF	750.78	713	713		1		
1050	12513	Genao, Angel	CLE	SS	750.81	718	718		1		
1051	10267	Robinson, Kristian	ARZ	OF	750.83	739	746		3		
1052	10343	Ornelas, Tirso	SD	OF	750.83	722	722		1		
1053	11991	Curet, Yoniel	PHI	P	750.83	721	721		1		
1054	12048	Hill, Jaden	COL	P	750.84	725	749		2		
1055	12541	Martorella, Nathan	MIA	1B	750.84	729	746		2		
1056	9635	Phillips, Evan	LAD	P	750.85	725	725		1		
1057	11313	Lee, Korey	CWS	C	750.85	727	750		2		
1058	12582	Areinamo, Jadher	TB	SS	750.85	725	725		1		
1059	11869	Nicolas, Kyle	PIT	P	750.87	728	728		1		
1060	12153	Ribalta, Orlando	WAS	P	750.87	728	728		1		
1061	12596	Furman, Nate	SF	2B	750.87	728	728		1		
1062	11635	Berroa, Prelander	CWS	P	750.88	730	730		1		
1063	12182	Walters, Andrew	CLE	P	750.88	732	749		2		
1064	12365	Cijntje, Jurrangelo	SEA	P	750.88	731	731		1		
1065	12543	Bennett, Jake	BOS	P	750.88	740	742		2		
1066	10821	White, Eli	ATL	OF	750.90	734	734		1		
1067	11626	Valdez, Enmanuel	PIT	1B	750.90	733	733		1		
1068	12140	Bachar, Lake	MIA	P	750.90	733	733		1		
1069	10960	Thompson, Ryan	ARZ	P	750.91	738	749		2		
1070	12356	Elko, Tim	CWS	1B	750.91	735	735		1		
1071	12542	Velazquez , Ralphy	CLE	1B	750.91	742	744		2		
1072	12593	Forret, Michael	BAL	P	750.91	736	736		1		
1073	8007	Wilson, Justin	BOS	P	750.92	737	737		1		
1074	8736	Kahnle, Tommy	DET	P	750.94	740	740		1		
1075	10352	Beck, Tristan	SF	P	750.95	743	743		1		
1076	10487	Sborz, Josh	TEX	P	750.95	743	743		1		
1077	11808	Bido, Osvaldo	ATL	P	750.95	742	742		1		
1078	12339	Schreck, RJ	TOR	OF	750.95	742	742		1		
1079	12610	Wood, Gage	PHI	P	750.95	746	747		2		
1080	12612	King, Seaver	FA	SS	750.95	743	743		1		
1081	12042	Harris, Brett	ATH	3B	750.97	745	745		1		
1082	10188	Waters, Drew	KC	OF	750.98	748	748		1		
1083	12611	Bremner, Tyler	FA	P	750.98	747	747		1		
1084	9937	Fernandez, Julian	WAS	P	750.99	750	750		1		
1085	9959	Quantrill, Cal	ATL	P	750.99	750	750		1		
1086	10124	Baddoo, Akil	MLW	OF	750.99	750	750		1		
